3.414400000000000000e+04,5.544300000000000000e+04,7.260000000000000000e+02,3.000000000000000000e+00,3.190000000000000000e+02,2.000000000000000000e+00,2.333333333333333037e+00,1.699673171197594979e+00,2.888888888888889284e+00,-5.280049792181881196e-01,-1.500000000000000000e+00,3.483333333333332575e+02,2.826733489776179908e+02,7.990422222222223354e+04,1.808465529833538366e-01,-1.500000000000000000e+00,1.290488243103020058e-02,6.000000000000000000e+00,8.110000000000000000e+02
4.915500000000000000e+04,6.666000000000000000e+03,5.280000000000000000e+03,3.000000000000000000e+01,0.000000000000000000e+00,0.000000000000000000e+00,1.000466666666666811e+03,1.414879305414030568e+03,2.001883448888888815e+06,7.071328182445181243e-01,-1.499926202093072369e+00,1.760000000000000000e+02,0.000000000000000000e+00,0.000000000000000000e+00,0.000000000000000000e+00,-3.000000000000000000e+00,3.002079916000366566e+01,1.700000000000000000e+01,0.000000000000000000e+00
4.203000000000000000e+04,5.544300000000000000e+04,7.240000000000000000e+02,3.000000000000000000e+00,3.180000000000000000e+02,2.000000000000000000e+00,3.666666666666666519e+00,2.867441755680876003e+00,8.222222222222221433e+00,-1.728005440786500868e-01,-1.499999999999999778e+00,3.473333333333332575e+02,2.818715231369700973e+02,7.945155555555554747e+04,3.818017741606065107e-01,-1.499999999999999556e+00,1.371192932128900005e-02,6.000000000000000000e+00,8.110000000000000000e+02
5.353000000000000000e+03,5.353000000000000000e+03,1.203000000000000000e+03,3.000000000000000000e+00,0.000000000000000000e+00,0.000000000000000000e+00,0.000000000000000000e+00,0.000000000000000000e+00,0.000000000000000000e+00,0.000000000000000000e+00,-3.000000000000000000e+00,4.010000000000000000e+02,0.000000000000000000e+00,0.000000000000000000e+00,0.000000000000000000e+00,-3.000000000000000000e+00,1.001332700252532404e-01,1.700000000000000000e+01,0.000000000000000000e+00
6.510700000000000000e+04,4.430000000000000000e+02,6.500000000000000000e+01,2.000000000000000000e+00,5.900000000000000000e+01,1.000000000000000000e+00,5.500000000000000000e+00,5.500000000000000000e+00,3.025000000000000000e+01,0.000000000000000000e+00,-2.000000000000000000e+00,6.200000000000000000e+01,3.000000000000000000e+00,9.000000000000000000e+00,0.000000000000000000e+00,-2.000000000000000000e+00,1.175130009651183388e-01,6.000000000000000000e+00,8.600000000000000000e+01
6.700000000000000000e+01,6.800000000000000000e+01,0.000000000000000000e+00,0.000000000000000000e+00,1.644000000000000000e+03,3.000000000000000000e+00,0.000000000000000000e+00,0.000000000000000000e+00,0.000000000000000000e+00,0.000000000000000000e+00,-3.000000000000000000e+00,5.480000000000000000e+02,0.000000000000000000e+00,0.000000000000000000e+00,0.000000000000000000e+00,-3.000000000000000000e+00,1.318454742431000133e-04,1.700000000000000000e+01,0.000000000000000000e+00
6.800000000000000000e+01,6.700000000000000000e+01,3.000000000000000000e+02,1.000000000000000000e+00,6.020000000000000000e+02,2.000000000000000000e+00,9.766666666666668561e+01,1.381215245917722996e+02,1.907755555555555839e+04,7.071067811865473507e-01,-1.500000000000000444e+00,3.006666666666666856e+02,4.714045207910316782e-01,2.222222222222222099e-01,-7.071067811866682540e-01,-1.499999999999886313e+00,1.938940882682800293e-01,1.700000000000000000e+01,0.000000000000000000e+00
6.053300000000000000e+04,1.111000000000000000e+03,2.000000000000000000e+00,1.000000000000000000e+00,0.000000000000000000e+00,0.000000000000000000e+00,0.000000000000000000e+00,0.000000000000000000e+00,0.000000000000000000e+00,0.000000000000000000e+00,-3.000000000000000000e+00,2.000000000000000000e+00,0.000000000000000000e+00,0.000000000000000000e+00,0.000000000000000000e+00,-3.000000000000000000e+00,0.000000000000000000e+00,1.700000000000000000e+01,8.110000000000000000e+02
5.435400000000000000e+04,4.430000000000000000e+02,0.000000000000000000e+00,1.000000000000000000e+00,5.600000000000000000e+01,5.000000000000000000e+00,0.000000000000000000e+00,0.000000000000000000e+00,0.000000000000000000e+00,0.000000000000000000e+00,-3.000000000000000000e+00,5.600000000000000000e+01,0.000000000000000000e+00,0.000000000000000000e+00,0.000000000000000000e+00,-3.000000000000000000e+00,3.963947296142500062e-03,6.000000000000000000e+00,8.000000000000000000e+00
3.810500000000000000e+04,8.000000000000000000e+01,0.000000000000000000e+00,1.000000000000000000e+00,0.000000000000000000e+00,0.000000000000000000e+00,0.000000000000000000e+00,0.000000000000000000e+00,0.000000000000000000e+00,0.000000000000000000e+00,-3.000000000000000000e+00,0.000000000000000000e+00,0.000000000000000000e+00,0.000000000000000000e+00,0.000000000000000000e+00,-3.000000000000000000e+00,0.000000000000000000e+00,6.000000000000000000e+00,1.140000000000000000e+02
4.755300000000000000e+04,4.430000000000000000e+02,0.000000000000000000e+00,1.000000000000000000e+00,5.300000000000000000e+01,1.000000000000000000e+00,0.000000000000000000e+00,0.000000000000000000e+00,0.000000000000000000e+00,0.000000000000000000e+00,-3.000000000000000000e+00,5.300000000000000000e+01,0.000000000000000000e+00,0.000000000000000000e+00,0.000000000000000000e+00,-3.000000000000000000e+00,9.829998016356999036e-04,6.000000000000000000e+00,7.000000000000000000e+00
6.800000000000000000e+01,6.700000000000000000e+01,3.180000000000000000e+02,1.000000000000000000e+00,6.020000000000000000e+02,2.000000000000000000e+00,8.466666666666667140e+01,1.197367482809220576e+02,1.433688888888888869e+04,7.071067811865470176e-01,-1.500000000000000888e+00,3.066666666666666856e+02,8.013876853447538195e+00,6.422222222222221433e+01,7.071067811865403563e-01,-1.500000000000006439e+00,2.545409202575684149e-01,1.700000000000000000e+01,0.000000000000000000e+00
5.589000000000000000e+04,4.430000000000000000e+02,7.200000000000000000e+01,6.000000000000000000e+00,6.800000000000000000e+01,1.200000000000000000e+01,7.467250000000000000e+03,1.285399893758747567e+04,1.652252886875000000e+08,1.154691435717233094e+00,-6.666736632422618491e-01,3.500000000000000000e+01,1.732050807568877193e+00,3.000000000000000000e+00,1.154700538379251684e+00,-6.666666666666665186e-01,4.077703785896300559e+01,6.000000000000000000e+00,5.100000000000000000e+01
5.353000000000000000e+03,5.353000000000000000e+03,1.116000000000000000e+03,3.000000000000000000e+00,0.000000000000000000e+00,0.000000000000000000e+00,0.000000000000000000e+00,0.000000000000000000e+00,0.000000000000000000e+00,0.000000000000000000e+00,-3.000000000000000000e+00,3.720000000000000000e+02,0.000000000000000000e+00,0.000000000000000000e+00,0.000000000000000000e+00,-3.000000000000000000e+00,1.001413911581039429e-01,1.700000000000000000e+01,0.000000000000000000e+00
6.800000000000000000e+01,6.700000000000000000e+01,3.180000000000000000e+02,1.000000000000000000e+00,6.020000000000000000e+02,2.000000000000000000e+00,8.500000000000000000e+01,1.202081528017130836e+02,1.445000000000000000e+04,7.071067811865475727e-01,-1.500000000000000000e+00,3.066666666666666856e+02,8.013876853447538195e+00,6.422222222222221433e+01,7.071067811865403563e-01,-1.500000000000006439e+00,2.551019191741942804e-01,1.700000000000000000e+01,0.000000000000000000e+00
4.915500000000000000e+04,6.666000000000000000e+03,6.512000000000000000e+03,3.700000000000000000e+01,0.000000000000000000e+00,0.000000000000000000e+00,9.728108108108108354e+02,1.404131872567104210e+03,1.971586315558802336e+06,9.505572423587720365e-01,-1.136661133314686545e+00,1.760000000000000000e+02,0.000000000000000000e+00,0.000000000000000000e+00,0.000000000000000000e+00,-3.000000000000000000e+00,3.609999308735132928e+01,1.700000000000000000e+01,0.000000000000000000e+00
5.318600000000000000e+04,1.111000000000000000e+03,2.000000000000000000e+00,1.000000000000000000e+00,0.000000000000000000e+00,0.000000000000000000e+00,0.000000000000000000e+00,0.000000000000000000e+00,0.000000000000000000e+00,0.000000000000000000e+00,-3.000000000000000000e+00,2.000000000000000000e+00,0.000000000000000000e+00,0.000000000000000000e+00,0.000000000000000000e+00,-3.000000000000000000e+00,0.000000000000000000e+00,1.700000000000000000e+01,8.110000000000000000e+02
6.012400000000000000e+04,5.544300000000000000e+04,7.240000000000000000e+02,3.000000000000000000e+00,3.180000000000000000e+02,2.000000000000000000e+00,2.666666666666666519e+00,2.494438257849294072e+00,6.222222222222222321e+00,4.764162352249451948e-01,-1.499999999999999556e+00,3.473333333333332575e+02,2.818715231369700973e+02,7.945155555555554747e+04,3.818017741606065107e-01,-1.499999999999999556e+00,9.860038757324199668e-03,6.000000000000000000e+00,8.110000000000000000e+02
0.000000000000000000e+00,0.000000000000000000e+00,0.000000000000000000e+00,0.000000000000000000e+00,2.160000000000000000e+02,9.000000000000000000e+00,2.123220986856354671e+02,3.970339413920224843e+02,1.576359506172839319e+05,1.336351985890495753e+00,-2.140899670926565967e-01,2.400000000000000000e+01,-2.959730476140975952e-01,0.000000000000000000e+00,0.000000000000000000e+00,-3.000000000000000000e+00,2.311579823493957520e+00,5.800000000000000000e+01,0.000000000000000000e+00
5.066400000000000000e+04,5.544300000000000000e+04,1.608000000000000000e+03,9.000000000000000000e+00,1.606000000000000000e+03,6.000000000000000000e+00,3.985714285714284699e+01,4.422807308689347394e+01,1.956122448979592036e+03,1.606234206125321640e+00,1.180970590621922334e+00,4.591428571428572241e+02,5.192440737873330363e+02,2.696144081632653251e+05,4.102863765688914421e-01,-1.109580110112029061e+00,3.121170997619628906e-01,6.000000000000000000e+00,8.110000000000000000e+02
3.537100000000000000e+04,8.000000000000000000e+01,0.000000000000000000e+00,1.000000000000000000e+00,0.000000000000000000e+00,2.000000000000000000e+00,0.000000000000000000e+00,0.000000000000000000e+00,0.000000000000000000e+00,0.000000000000000000e+00,-3.000000000000000000e+00,0.000000000000000000e+00,0.000000000000000000e+00,0.000000000000000000e+00,0.000000000000000000e+00,-3.000000000000000000e+00,0.000000000000000000e+00,6.000000000000000000e+00,9.000000000000000000e+01
6.045700000000000000e+04,5.300000000000000000e+01,4.100000000000000000e+01,1.000000000000000000e+00,6.280000000000000000e+02,2.000000000000000000e+00,1.431655765000000000e+09,2.024666998805521250e+09,4.099276456052158976e+18,7.071067811865474617e-01,-1.500000000000000000e+00,2.230000000000000000e+02,1.286934341759516371e+02,1.656200000000000000e+04,-7.071067811865475727e-01,-1.500000000000000000e+00,-1.362800598144500025e-03,1.700000000000000000e+01,0.000000000000000000e+00
9.999000000000000000e+03,9.999000000000000000e+03,6.000000000000000000e+02,1.000000000000000000e+00,0.000000000000000000e+00,0.000000000000000000e+00,0.000000000000000000e+00,0.000000000000000000e+00,0.000000000000000000e+00,0.000000000000000000e+00,-3.000000000000000000e+00,6.000000000000000000e+02,0.000000000000000000e+00,0.000000000000000000e+00,0.000000000000000000e+00,-3.000000000000000000e+00,0.000000000000000000e+00,1.700000000000000000e+01,8.110000000000000000e+02
6.012700000000000000e+04,5.544300000000000000e+04,7.250000000000000000e+02,3.000000000000000000e+00,3.180000000000000000e+02,2.000000000000000000e+00,6.333333333333332149e+00,4.642796092394707586e+00,2.155555555555556069e+01,-4.922084283307170960e-01,-1.500000000000000222e+00,3.476666666666667425e+02,2.823170007082267148e+02,7.970288888888889051e+04,3.827771500504404956e-01,-1.500000000000000000e+00,-7.986826449632652980e-02,6.000000000000000000e+00,8.110000000000000000e+02
0.000000000000000000e+00,0.000000000000000000e+00,2.240000000000000000e+02,4.000000000000000000e+00,4.480000000000000000e+02,8.000000000000000000e+00,2.532833333333333030e+03,4.397841418115128363e+03,1.934100913888888434e+07,1.171338578660047425e+00,-6.038033444763262203e-01,5.600000000000000000e+01,0.000000000000000000e+00,0.000000000000000000e+00,0.000000000000000000e+00,-3.000000000000000000e+00,3.039674901962280273e+01,1.000000000000000000e+00,0.000000000000000000e+00
4.957900000000000000e+04,5.544300000000000000e+04,7.240000000000000000e+02,3.000000000000000000e+00,3.180000000000000000e+02,2.000000000000000000e+00,1.913333333333332860e+02,2.670584621805162442e+02,7.132022222222223354e+04,7.069208881958777280e-01,-1.500000000000000222e+00,3.473333333333332575e+02,2.818715231369700973e+02,7.945155555555554747e+04,3.818017741606065107e-01,-1.499999999999999556e+00,5.762119293212890625e-01,6.000000000000000000e+00,8.110000000000000000e+02
4.203400000000000000e+04,5.544300000000000000e+04,7.240000000000000000e+02,3.000000000000000000e+00,3.180000000000000000e+02,2.000000000000000000e+00,3.666666666666666519e+00,3.299831645537221636e+00,1.088888888888889284e+01,-5.193857616916541797e-03,-1.500000000000000444e+00,3.473333333333332575e+02,2.816715377222266738e+02,7.945155555555554747e+04,3.818017741606065107e-01,-1.499999999999999556e+00,1.517796516418449919e-02,6.000000000000000000e+00,8.110000000000000000e+02
6.012900000000000000e+04,5.544300000000000000e+04,7.250000000000000000e+02,3.000000000000000000e+00,3.180000000000000000e+02,2.000000000000000000e+00,9.000000000000000000e+00,7.788880963698614934e+00,6.066666666666665719e+01,1.904659334801316051e-01,-1.499999999999999778e+00,3.476666666666667425e+02,2.823170007082267148e+02,7.970288888888889051e+04,3.827771500504404956e-01,-1.500000000000000000e+00,2.848482131957999833e-02,6.000000000000000000e+00,8.110000000000000000e+02
5.544400000000000000e+04,5.544400000000000000e+04,1.600000000000000000e+03,2.000000000000000000e+02,3.200000000000000000e+03,2.000000000000000000e+02,4.920000000000000284e+01,2.982373216081447822e+02,8.894550000000000000e+04,9.782325904187107568e+00,9.413817363282018391e+01,1.200000000000000000e+01,4.000000000000000000e+00,1.600000000000000000e+01,0.000000000000000000e+00,-2.000000000000000000e+00,2.899432802200317028e+01,1.700000000000000000e+01,8.110000000000000000e+02
0.000000000000000000e+00,0.000000000000000000e+00,1.600000000000000000e+01,1.000000000000000000e+00,3.200000000000000000e+01,2.000000000000000000e+00,0.000000000000000000e+00,0.000000000000000000e+00,0.000000000000000000e+00,0.000000000000000000e+00,-3.000000000000000000e+00,1.600000000000000000e+01,0.000000000000000000e+00,0.000000000000000000e+00,0.000000000000000000e+00,-3.000000000000000000e+00,1.561641693114999916e-04,1.000000000000000000e+00,0.000000000000000000e+00
3.997100000000000000e+04,4.430000000000000000e+02,1.143000000000000000e+03,1.100000000000000000e+01,5.652000000000000000e+03,1.200000000000000000e+01,1.422222222222221966e+01,1.933205615193915250e+01,3.737283950617284063e+02,1.860831432022143073e+00,2.399532753807340768e+00,7.550000000000000000e+02,5.614625741954865816e+02,3.152402222222222481e+05,-1.419708808283528523e-01,-1.613183068059882874e+00,-3.407889604568489772e-02,6.000000000000000000e+00,3.240000000000000000e+02
2.110500000000000000e+04,3.210000000000000000e+04,2.160000000000000000e+02,2.000000000000000000e+00,3.200000000000000000e+01,4.000000000000000000e+00,4.629500000000000000e+03,1.013778236351520718e+04,1.027746312500000000e+08,1.788403776358380881e+00,1.199192058545694550e+00,4.133333333333333570e+01,4.714045207910317714e+01,2.222222222222222172e+03,7.071067811865471286e-01,-1.500000000000000888e+00,2.777795505523681641e+01,1.700000000000000000e+01,0.000000000000000000e+00
5.057500000000000000e+04,5.300000000000000000e+01,4.100000000000000000e+01,1.000000000000000000e+00,5.640000000000000000e+02,2.000000000000000000e+00,1.431655765000000000e+09,2.024666998805521250e+09,4.099276456052158976e+18,7.071067811865474617e-01,-1.500000000000000000e+00,2.016666666666666288e+02,1.136084895106386341e+02,1.290688888888888869e+04,-7.071067811865473507e-01,-1.500000000000000444e+00,-1.013816371560096186e-01,1.700000000000000000e+01,0.000000000000000000e+00
4.203600000000000000e+04,5.544300000000000000e+04,1.450000000000000000e+03,6.000000000000000000e+00,6.360000000000000000e+02,4.000000000000000000e+00,1.668500000000000000e+03,3.706295533728164173e+03,1.373662658333333582e+07,1.788826469470218727e+00,1.199949994667371511e+00,3.475667691255609952e+02,2.823170007082267148e+02,7.970288888888889051e+04,3.827771500504402735e-01,-1.500000000000000444e+00,9.872131120413543570e+00,6.000000000000000000e+00,8.110000000000000000e+02
4.305500000000000000e+04,4.430000000000000000e+02,3.100000000000000000e+01,2.000000000000000000e+00,0.000000000000000000e+00,2.000000000000000000e+00,0.000000000000000000e+00,0.000000000000000000e+00,0.000000000000000000e+00,0.000000000000000000e+00,-3.000000000000000000e+00,3.100000000000000000e+01,0.000000000000000000e+00,0.000000000000000000e+00,0.000000000000000000e+00,-3.000000000000000000e+00,1.579999923706000044e-03,6.000000000000000000e+00,1.300000000000000000e+01
6.800000000000000000e+01,6.700000000000000000e+01,3.080000000000000000e+02,1.000000000000000000e+00,6.000000000000000000e+02,2.000000000000000000e+00,7.166666666666667140e+01,1.013519719700718014e+02,1.027222222222222081e+04,7.071067811865471286e-01,-1.500000000000000222e+00,3.026666666666666856e+02,3.771236166328252981e+00,1.422222222222222321e+01,7.071067811865325847e-01,-1.500000000000014211e+00,2.156720161437988004e-01,1.700000000000000000e+01,0.000000000000000000e+00
5.544400000000000000e+04,5.544400000000000000e+04,1.600000000000000000e+03,2.000000000000000000e+02,3.200000000000000000e+03,2.000000000000000000e+02,4.947999999999999687e+01,2.996852842566681261e+02,8.981126959999998508e+04,9.795788197131143349e+00,9.431392398469832017e+01,1.200000000000000000e+01,4.000000000000000000e+00,1.600000000000000000e+01,0.000000000000000000e+00,-2.000000000000000000e+00,2.899285888671875000e+01,1.700000000000000000e+01,8.110000000000000000e+02
3.803100000000000000e+04,5.300000000000000000e+01,4.100000000000000000e+01,1.000000000000000000e+00,5.640000000000000000e+02,2.000000000000000000e+00,1.431655765000000000e+09,2.024666998805521250e+09,4.099276456052158976e+18,7.071067811865474617e-01,-1.500000000000000000e+00,2.016666666666666288e+02,1.136084895106386341e+02,1.290688888888888869e+04,-7.071067811865473507e-01,-1.500000000000000444e+00,-1.013050600886343938e-01,1.700000000000000000e+01,0.000000000000000000e+00
5.904100000000000000e+04,4.430000000000000000e+02,0.000000000000000000e+00,1.000000000000000000e+00,5.400000000000000000e+01,1.000000000000000000e+00,0.000000000000000000e+00,0.000000000000000000e+00,0.000000000000000000e+00,0.000000000000000000e+00,-3.000000000000000000e+00,5.400000000000000000e+01,0.000000000000000000e+00,0.000000000000000000e+00,0.000000000000000000e+00,-3.000000000000000000e+00,5.734920501708900241e-03,6.000000000000000000e+00,7.000000000000000000e+00
1.905200000000000000e+04,8.080000000000000000e+03,5.440000000000000000e+02,8.100000000000000000e+01,7.280000000000000000e+02,8.100000000000000000e+01,3.115937500000000000e+02,5.567533972753144553e+02,3.099743453776042443e+05,2.973440409117005689e+00,6.936743424932592994e+00,1.325000000000000000e+01,3.854110359949058928e+00,1.485416666666666430e+01,-1.992372081292549946e-01,-8.982255015549727162e-01,3.010810494422912953e+01,6.000000000000000000e+00,3.210000000000000000e+02
5.353000000000000000e+03,5.353000000000000000e+03,7.329000000000000000e+03,2.400000000000000000e+01,0.000000000000000000e+00,0.000000000000000000e+00,6.566250000000000000e+02,1.766421448685165615e+03,3.120244734375000000e+06,3.258067771487205722e+00,1.000790756386960467e+01,3.053750000000000000e+02,1.234513441603614439e+02,1.524023437500000000e+04,-5.163977794943223065e-01,-1.733333333333333393e+00,1.576514220237731934e+01,1.700000000000000000e+01,0.000000000000000000e+00
4.027200000000000000e+04,8.000000000000000000e+01,0.000000000000000000e+00,8.000000000000000000e+00,0.000000000000000000e+00,0.000000000000000000e+00,0.000000000000000000e+00,0.000000000000000000e+00,0.000000000000000000e+00,0.000000000000000000e+00,-3.000000000000000000e+00,0.000000000000000000e+00,0.000000000000000000e+00,0.000000000000000000e+00,0.000000000000000000e+00,-3.000000000000000000e+00,1.419766369462013245e+01,6.000000000000000000e+00,1.140000000000000000e+02
4.923300000000000000e+04,8.000000000000000000e+01,0.000000000000000000e+00,1.000000000000000000e+00,0.000000000000000000e+00,0.000000000000000000e+00,0.000000000000000000e+00,0.000000000000000000e+00,0.000000000000000000e+00,0.000000000000000000e+00,-3.000000000000000000e+00,0.000000000000000000e+00,0.000000000000000000e+00,0.000000000000000000e+00,0.000000000000000000e+00,-3.000000000000000000e+00,0.000000000000000000e+00,6.000000000000000000e+00,1.580000000000000000e+02
9.999000000000000000e+03,9.999000000000000000e+03,6.000000000000000000e+02,1.000000000000000000e+00,0.000000000000000000e+00,0.000000000000000000e+00,0.000000000000000000e+00,0.000000000000000000e+00,0.000000000000000000e+00,0.000000000000000000e+00,-3.000000000000000000e+00,6.000000000000000000e+02,0.000000000000000000e+00,0.000000000000000000e+00,0.000000000000000000e+00,-3.000000000000000000e+00,0.000000000000000000e+00,1.700000000000000000e+01,8.110000000000000000e+02
4.316400000000000000e+04,5.228000000000000000e+03,0.000000000000000000e+00,1.000000000000000000e+00,0.000000000000000000e+00,2.000000000000000000e+00,0.000000000000000000e+00,0.000000000000000000e+00,0.000000000000000000e+00,0.000000000000000000e+00,-3.000000000000000000e+00,0.000000000000000000e+00,0.000000000000000000e+00,0.000000000000000000e+00,0.000000000000000000e+00,-3.000000000000000000e+00,7.671833038330000062e-03,6.000000000000000000e+00,7.000000000000000000e+00
6.091800000000000000e+04,5.544300000000000000e+04,7.250000000000000000e+02,3.000000000000000000e+00,3.170000000000000000e+02,2.000000000000000000e+00,3.666666666666666519e+00,2.867441755680876003e+00,8.222222222222221433e+00,-1.728005440786500868e-01,-1.499999999999999778e+00,3.473333333333332575e+02,2.824067200963098685e+02,7.975355555555554747e+04,3.856958605374887217e-01,-1.499999999999999556e+00,1.373505592346190018e-02,6.000000000000000000e+00,8.110000000000000000e+02
3.503100000000000000e+04,8.000000000000000000e+01,0.000000000000000000e+00,1.000000000000000000e+00,0.000000000000000000e+00,2.000000000000000000e+00,0.000000000000000000e+00,0.000000000000000000e+00,0.000000000000000000e+00,0.000000000000000000e+00,-3.000000000000000000e+00,0.000000000000000000e+00,0.000000000000000000e+00,0.000000000000000000e+00,0.000000000000000000e+00,-3.000000000000000000e+00,-9.818603843450554591e-02,6.000000000000000000e+00,2.400000000000000000e+02
5.544400000000000000e+04,5.544400000000000000e+04,1.600000000000000000e+03,2.000000000000000000e+02,3.200000000000000000e+03,2.000000000000000000e+02,8.031999999999999318e+01,4.181658733086669031e+02,1.748626975999999850e+05,6.825088427950855241e+00,4.473066637097672782e+01,1.200000000000000000e+01,4.000000000000000000e+00,1.600000000000000000e+01,0.000000000000000000e+00,-2.000000000000000000e+00,3.219024497270584106e+01,1.700000000000000000e+01,8.110000000000000000e+02
1.025000000000000000e+03,6.000000000000000000e+03,7.500000000000000000e+01,6.000000000000000000e+00,5.000000000000000000e+01,2.000000000000000000e+00,1.213839999999999964e+04,9.896697077308168446e+03,9.794461304000000656e+07,-4.082336593434915950e-01,-1.833325383638084727e+00,2.500000000000000000e+01,0.000000000000000000e+00,0.000000000000000000e+00,0.000000000000000000e+00,-3.000000000000000000e+00,6.069392395019531250e+01,6.000000000000000000e+00,3.140000000000000000e+02
5.890700000000000000e+04,8.000000000000000000e+01,0.000000000000000000e+00,1.000000000000000000e+00,0.000000000000000000e+00,2.000000000000000000e+00,0.000000000000000000e+00,0.000000000000000000e+00,0.000000000000000000e+00,0.000000000000000000e+00,-3.000000000000000000e+00,0.000000000000000000e+00,0.000000000000000000e+00,0.000000000000000000e+00,0.000000000000000000e+00,-3.000000000000000000e+00,0.000000000000000000e+00,6.000000000000000000e+00,9.000000000000000000e+01
9.999000000000000000e+03,9.999000000000000000e+03,6.000000000000000000e+02,1.000000000000000000e+00,0.000000000000000000e+00,0.000000000000000000e+00,0.000000000000000000e+00,0.000000000000000000e+00,0.000000000000000000e+00,0.000000000000000000e+00,-3.000000000000000000e+00,6.000000000000000000e+02,0.000000000000000000e+00,0.000000000000000000e+00,0.000000000000000000e+00,-3.000000000000000000e+00,0.000000000000000000e+00,1.700000000000000000e+01,8.110000000000000000e+02
9.999000000000000000e+03,9.999000000000000000e+03,6.000000000000000000e+02,1.000000000000000000e+00,0.000000000000000000e+00,0.000000000000000000e+00,0.000000000000000000e+00,0.000000000000000000e+00,0.000000000000000000e+00,0.000000000000000000e+00,-3.000000000000000000e+00,6.000000000000000000e+02,0.000000000000000000e+00,0.000000000000000000e+00,0.000000000000000000e+00,-3.000000000000000000e+00,0.000000000000000000e+00,1.700000000000000000e+01,8.110000000000000000e+02
0.000000000000000000e+00,0.000000000000000000e+00,1.120000000000000000e+02,2.000000000000000000e+00,2.240000000000000000e+02,4.000000000000000000e+00,1.668333333333333428e+02,3.730506742462148964e+02,1.391668055555555329e+05,1.788854381999831711e+00,1.199999999999999289e+00,5.600000000000000000e+01,0.000000000000000000e+00,0.000000000000000000e+00,0.000000000000000000e+00,-3.000000000000000000e+00,1.002336025238036887e+00,1.000000000000000000e+00,0.000000000000000000e+00
4.343500000000000000e+04,4.430000000000000000e+02,4.600000000000000000e+01,1.000000000000000000e+00,0.000000000000000000e+00,2.000000000000000000e+00,0.000000000000000000e+00,0.000000000000000000e+00,0.000000000000000000e+00,0.000000000000000000e+00,-3.000000000000000000e+00,4.600000000000000000e+01,0.000000000000000000e+00,0.000000000000000000e+00,-1.977762728929519653e-01,-3.000000000000000000e+00,1.140785217285150005e-02,6.000000000000000000e+00,9.000000000000000000e+01
5.353000000000000000e+03,5.353000000000000000e+03,0.000000000000000000e+00,0.000000000000000000e+00,1.116000000000000000e+03,3.000000000000000000e+00,0.000000000000000000e+00,0.000000000000000000e+00,0.000000000000000000e+00,0.000000000000000000e+00,-3.000000000000000000e+00,3.720000000000000000e+02,0.000000000000000000e+00,0.000000000000000000e+00,0.000000000000000000e+00,-3.000000000000000000e+00,5.912780761718750000e-05,1.700000000000000000e+01,8.110000000000000000e+02
4.881200000000000000e+04,8.000000000000000000e+01,0.000000000000000000e+00,1.000000000000000000e+00,0.000000000000000000e+00,2.000000000000000000e+00,0.000000000000000000e+00,0.000000000000000000e+00,0.000000000000000000e+00,0.000000000000000000e+00,-3.000000000000000000e+00,0.000000000000000000e+00,0.000000000000000000e+00,0.000000000000000000e+00,0.000000000000000000e+00,-3.000000000000000000e+00,0.000000000000000000e+00,6.000000000000000000e+00,9.000000000000000000e+01
4.537200000000000000e+04,8.000000000000000000e+01,1.900000000000000000e+02,4.000000000000000000e+00,4.970000000000000000e+02,5.000000000000000000e+00,2.000000000000000000e+00,0.000000000000000000e+00,0.000000000000000000e+00,0.000000000000000000e+00,-3.000000000000000000e+00,3.435000000000000000e+02,1.535000000000000000e+02,2.356225000000000000e+04,0.000000000000000000e+00,-2.000000000000000000e+00,1.425099372863759990e-02,6.000000000000000000e+00,1.140000000000000000e+02
3.335900000000000000e+04,5.544300000000000000e+04,5.860000000000000000e+02,3.000000000000000000e+00,2.530000000000000000e+02,2.000000000000000000e+00,2.333333333333333037e+00,1.699673171197594979e+00,2.888888888888889284e+00,-5.280049792181881196e-01,-1.500000000000000000e+00,2.796666666666666856e+02,2.263630319248755995e+02,5.124022222222221899e+04,4.484455842497918066e-01,-1.500000000000000000e+00,8.443117141723599853e-03,6.000000000000000000e+00,8.110000000000000000e+02
4.408600000000000000e+04,5.544300000000000000e+04,2.140000000000000000e+02,3.000000000000000000e+00,2.530000000000000000e+02,2.000000000000000000e+00,3.000000000000000000e+00,3.559026084010437074e+00,1.266666666666666430e+01,5.654688720842997451e-01,-1.500000000000000000e+00,1.556666666666666572e+02,7.759868269214082659e+01,6.021555555555555657e+03,-7.027936955484724857e-01,-1.500000000000000222e+00,1.782608032226560071e-02,6.000000000000000000e+00,8.110000000000000000e+02
6.012700000000000000e+04,5.544300000000000000e+04,7.250000000000000000e+02,3.000000000000000000e+00,3.180000000000000000e+02,2.000000000000000000e+00,2.666666666666666519e+00,1.885618083164126713e+00,3.555555555555555802e+00,-4.071067990679408943e-01,-1.500000000000000222e+00,3.474666666487853490e+02,2.823170007082267148e+02,7.970288888888889051e+04,3.827771500504404956e-01,-1.500000000000000000e+00,1.137614250183099918e-02,6.000000000000000000e+00,8.110000000000000000e+02
0.000000000000000000e+00,0.000000000000000000e+00,3.290000000000000000e+02,1.000000000000000000e+00,0.000000000000000000e+00,0.000000000000000000e+00,0.000000000000000000e+00,0.000000000000000000e+00,0.000000000000000000e+00,0.000000000000000000e+00,-3.000000000000000000e+00,3.290000000000000000e+02,0.000000000000000000e+00,0.000000000000000000e+00,0.000000000000000000e+00,-3.000000000000000000e+00,0.000000000000000000e+00,1.000000000000000000e+00,0.000000000000000000e+00
5.097100000000000000e+04,1.111000000000000000e+03,2.000000000000000000e+00,1.000000000000000000e+00,0.000000000000000000e+00,0.000000000000000000e+00,0.000000000000000000e+00,0.000000000000000000e+00,0.000000000000000000e+00,0.000000000000000000e+00,-3.000000000000000000e+00,2.000000000000000000e+00,0.000000000000000000e+00,0.000000000000000000e+00,0.000000000000000000e+00,-3.000000000000000000e+00,0.000000000000000000e+00,1.700000000000000000e+01,0.000000000000000000e+00
5.544400000000000000e+04,5.544400000000000000e+04,1.576000000000000000e+03,1.970000000000000000e+02,3.152000000000000000e+03,1.970000000000000000e+02,4.939999999999999858e+01,3.002051298695610626e+02,9.012312000000002445e+04,9.775065407806392770e+00,9.404228723477136498e+01,1.200000000000000000e+01,4.000000000000000000e+00,1.600000000000000000e+01,0.000000000000000000e+00,-2.000000000000000000e+00,2.897465205192565918e+01,1.700000000000000000e+01,8.110000000000000000e+02
3.309600000000000000e+04,8.000000000000000000e+01,0.000000000000000000e+00,1.000000000000000000e+00,0.000000000000000000e+00,2.000000000000000000e+00,0.000000000000000000e+00,0.000000000000000000e+00,0.000000000000000000e+00,0.000000000000000000e+00,-3.000000000000000000e+00,0.000000000000000000e+00,0.000000000000000000e+00,0.000000000000000000e+00,0.000000000000000000e+00,-3.000000000000000000e+00,-9.822446107864379883e-02,6.000000000000000000e+00,2.400000000000000000e+02
3.721400000000000000e+04,8.000000000000000000e+01,0.000000000000000000e+00,1.000000000000000000e+00,0.000000000000000000e+00,0.000000000000000000e+00,2.999999821186065674e-01,0.000000000000000000e+00,0.000000000000000000e+00,0.000000000000000000e+00,-3.000000000000000000e+00,0.000000000000000000e+00,0.000000000000000000e+00,0.000000000000000000e+00,0.000000000000000000e+00,-3.000000000000000000e+00,1.000000014901161194e-01,6.000000000000000000e+00,2.110000000000000000e+02
4.564300000000000000e+04,4.430000000000000000e+02,0.000000000000000000e+00,4.000000000000000000e+00,6.100000000000000000e+01,8.000000000000000000e+00,0.000000000000000000e+00,0.000000000000000000e+00,0.000000000000000000e+00,0.000000000000000000e+00,-3.000000000000000000e+00,3.050000000000000000e+01,7.500000000000000000e+00,5.625000000000000000e+01,0.000000000000000000e+00,-2.000000000000000000e+00,1.033010482788085938e-01,6.000000000000000000e+00,2.570000000000000000e+02
4.958200000000000000e+04,5.544300000000000000e+04,7.250000000000000000e+02,3.000000000000000000e+00,3.180000000000000000e+02,3.000000000000000000e+00,2.690000000000000000e+02,3.733747000891553398e+02,1.394086666666666279e+05,7.067263861363732858e-01,-1.499999999999999778e+00,3.476666666666667425e+02,2.823170007082267148e+02,7.970288888888889051e+04,3.827771500504404956e-01,-1.500000000000000000e+00,8.082041740417479359e-01,6.000000000000000000e+00,8.110000000000000000e+02
5.438200000000000000e+04,2.001000000000000000e+03,2.070000000000000000e+02,9.000000000000000000e+00,2.070000000000000000e+02,9.000000000000000000e+00,1.301133333333333576e+04,1.360535075704489827e+04,1.851055692222221494e+08,2.239581673758571922e-01,-1.765012928056628239e+00,6.900000000000000000e+01,0.000000000000000000e+00,0.000000000000000000e+00,0.000000000000000000e+00,-3.000000000000000000e+00,7.807038497924804688e+01,6.000000000000000000e+00,1.610000000000000000e+02
2.569300000000000000e+04,4.430000000000000000e+02,0.000000000000000000e+00,2.000000000000000000e+00,0.000000000000000000e+00,8.000000000000000000e+00,0.000000000000000000e+00,0.000000000000000000e+00,0.000000000000000000e+00,0.000000000000000000e+00,-3.000000000000000000e+00,0.000000000000000000e+00,0.000000000000000000e+00,0.000000000000000000e+00,0.000000000000000000e+00,-3.000000000000000000e+00,1.104183509349822998e+02,6.000000000000000000e+00,1.920000000000000000e+02
3.335900000000000000e+04,5.544300000000000000e+04,5.860000000000000000e+02,3.000000000000000000e+00,2.530000000000000000e+02,2.000000000000000000e+00,6.666666666666666297e-01,4.714045207910316782e-01,2.222222222222222099e-01,-7.071067811865474617e-01,-1.500000000000000222e+00,2.796666666666666856e+02,2.263630319248755995e+02,5.124022222222221899e+04,4.484455842497918066e-01,-1.500000000000000000e+00,4.504919052124000019e-03,6.000000000000000000e+00,8.110000000000000000e+02
5.544400000000000000e+04,5.544400000000000000e+04,1.448000000000000000e+03,1.810000000000000000e+02,2.896000000000000000e+03,1.810000000000000000e+02,7.914000000000000057e+01,4.192387391451320013e+02,1.757611204000000143e+05,6.837010811146551070e+00,4.484170645368784136e+01,1.200000000000000000e+01,4.000000000000000000e+00,1.600000000000000000e+01,0.000000000000000000e+00,-2.000000000000000000e+00,3.195983695983887074e+01,1.700000000000000000e+01,8.110000000000000000e+02
9.999000000000000000e+03,9.999000000000000000e+03,6.020000000000000000e+02,1.000000000000000000e+00,0.000000000000000000e+00,0.000000000000000000e+00,0.000000000000000000e+00,0.000000000000000000e+00,0.000000000000000000e+00,0.000000000000000000e+00,-3.000000000000000000e+00,6.020000000000000000e+02,0.000000000000000000e+00,0.000000000000000000e+00,0.000000000000000000e+00,-3.000000000000000000e+00,0.000000000000000000e+00,1.700000000000000000e+01,8.110000000000000000e+02
3.488200000000000000e+04,4.430000000000000000e+02,4.600000000000000000e+01,1.000000000000000000e+00,4.600000000000000000e+01,3.000000000000000000e+00,3.000000000000000000e+00,3.000000000000000000e+00,9.000000000000000000e+00,0.000000000000000000e+00,-2.000000000000000000e+00,4.600000000000000000e+01,0.000000000000000000e+00,0.000000000000000000e+00,0.000000000000000000e+00,-3.000000000000000000e+00,1.177127957344054343e-01,6.000000000000000000e+00,9.000000000000000000e+01
5.544400000000000000e+04,5.544400000000000000e+04,3.168000000000000000e+03,1.980000000000000000e+02,1.576000000000000000e+03,1.970000000000000000e+02,7.918999999999999773e+01,4.187918742048368586e+02,1.753866338999999280e+05,6.837995977771053724e+00,4.485263690963831351e+01,1.200000000000000000e+01,4.000000000000000000e+00,1.600000000000000000e+01,0.000000000000000000e+00,-2.000000000000000000e+00,2.889987802505493164e+01,1.700000000000000000e+01,8.110000000000000000e+02
4.958200000000000000e+04,5.544300000000000000e+04,7.250000000000000000e+02,3.000000000000000000e+00,3.180000000000000000e+02,3.000000000000000000e+00,7.513333333333334849e+02,1.058305983898586646e+03,1.120011555555555504e+06,7.070897350762799238e-01,-1.500000000000000444e+00,3.476666666666667425e+02,2.823170007082267148e+02,7.970288888888889051e+04,3.827771500504404956e-01,-1.500000000000000000e+00,2.255845069885253906e+00,6.000000000000000000e+00,8.110000000000000000e+02
3.507500000000000000e+04,4.430000000000000000e+02,0.000000000000000000e+00,1.000000000000000000e+00,0.000000000000000000e+00,2.000000000000000000e+00,0.000000000000000000e+00,0.000000000000000000e+00,0.000000000000000000e+00,0.000000000000000000e+00,-3.000000000000000000e+00,0.000000000000000000e+00,0.000000000000000000e+00,0.000000000000000000e+00,0.000000000000000000e+00,-3.000000000000000000e+00,1.847982406616200095e-03,6.000000000000000000e+00,7.000000000000000000e+00
5.110400000000000000e+04,5.300000000000000000e+01,3.200000000000000000e+01,1.000000000000000000e+00,5.920000000000000000e+02,2.000000000000000000e+00,1.431655765000000000e+09,2.024666998805521250e+09,4.099276456052158976e+18,7.071067811865474617e-01,-1.500000000000000000e+00,2.080000000000000000e+02,1.244507934888323604e+02,1.548800000000000000e+04,-7.071067811865475727e-01,-1.500000000000000000e+00,-1.442909240722600088e-03,1.700000000000000000e+01,0.000000000000000000e+00
4.957600000000000000e+04,5.544300000000000000e+04,7.240000000000000000e+02,3.000000000000000000e+00,3.180000000000000000e+02,2.000000000000000000e+00,6.666666666666667851e+00,4.714045207910317004e+00,2.222222222222222854e+01,-7.071067811865477948e-01,-1.500000000000000222e+00,3.473333333333332575e+02,2.818715231369700973e+02,7.945155555555554747e+04,3.818017741606065107e-01,-1.499999999999999556e+00,2.118492126464839934e-02,6.000000000000000000e+00,8.110000000000000000e+02
5.353000000000000000e+03,5.353000000000000000e+03,1.413000000000000000e+03,6.000000000000000000e+00,0.000000000000000000e+00,0.000000000000000000e+00,1.329833333333333258e+03,2.973597732078470472e+03,8.842283472222223878e+06,1.788854381999831711e+00,1.199999999999997513e+00,2.355000000000000000e+02,1.655000000000000000e+02,2.739025000000000000e+04,0.000000000000000000e+00,-2.000000000000000000e+00,7.979653835296630859e+00,1.700000000000000000e+01,0.000000000000000000e+00
3.854000000000000000e+04,5.300000000000000000e+01,4.100000000000000000e+01,8.000001609325408936e-01,5.640000000000000000e+02,2.000000000000000000e+00,1.431655765000000000e+09,2.024666998805521250e+09,4.099276456052158976e+18,7.071067811865474617e-01,-1.500000000000000000e+00,2.016666666666666288e+02,1.136084895106386341e+02,1.290688888888888869e+04,-1.007106673898186866e+00,-1.500000000000000444e+00,-1.014089733362197598e-01,1.700000000000000000e+01,0.000000000000000000e+00
6.362700000000000000e+04,8.000000000000000000e+01,6.400000000000000000e+01,4.000000000000000000e+00,9.600000000000000000e+01,3.000000000000000000e+00,6.534199999999999818e+03,7.872360215335677822e+03,6.197405535999999195e+07,4.081220142022881081e-01,-1.833147291361745257e+00,3.200000000000000000e+01,0.000000000000000000e+00,0.000000000000000000e+00,0.000000000000000000e+00,-3.000000000000000000e+00,3.267208600044250488e+01,6.000000000000000000e+00,0.000000000000000000e+00
5.953100000000000000e+04,5.544300000000000000e+04,7.250000000000000000e+02,3.000000000000000000e+00,3.160000000000000000e+02,2.000000000000000000e+00,2.000000000000000000e+00,1.614050487045221915e+00,2.000000000000000000e+00,-7.071067811865474617e-01,-1.500000000000000000e+00,3.470000000000000000e+02,2.824971976262183944e+02,7.980466666666668607e+04,3.886033934140470936e-01,-1.500000000027428282e+00,1.077620089054107666e-01,6.000000000000000000e+00,8.110000000000000000e+02
4.593900000000000000e+04,8.000000000000000000e+01,0.000000000000000000e+00,1.000000000000000000e+00,0.000000000000000000e+00,2.000000000000000000e+00,0.000000000000000000e+00,0.000000000000000000e+00,0.000000000000000000e+00,0.000000000000000000e+00,-3.000000000000000000e+00,0.000000000000000000e+00,0.000000000000000000e+00,0.000000000000000000e+00,0.000000000000000000e+00,-3.000000000000000000e+00,0.000000000000000000e+00,6.000000000000000000e+00,9.000000000000000000e+01
3.335700000000000000e+04,5.544300000000000000e+04,7.250000000000000000e+02,3.000000000000000000e+00,3.180000000000000000e+02,2.000000000000000000e+00,5.666666666666667851e+00,6.649979114420001558e+00,4.422222222222222143e+01,6.594396096645873673e-01,-1.500000000000000888e+00,3.476666666666667425e+02,2.822177969055815083e+02,7.970288888888889051e+04,3.827771500504404956e-01,-1.500000000000000000e+00,1.982903480529779952e-02,6.000000000000000000e+00,8.110000000000000000e+02
6.091200000000000000e+04,5.544300000000000000e+04,7.250000000000000000e+02,3.000000000000000000e+00,3.170000000000000000e+02,2.000000000000000000e+00,2.666666666666666519e+00,2.054804667656325634e+00,4.222222222222221433e+00,-2.390631469295445011e-01,-1.500000000000000000e+00,3.473333333333332575e+02,2.824067200963098685e+02,7.975355555555554747e+04,3.856958605374887217e-01,-1.499999999999999556e+00,-8.870720863342286544e-02,6.000000000000000000e+00,8.110000000000000000e+02
3.381300000000000000e+04,5.300000000000000000e+01,4.200000000000000000e+01,1.000000000000000000e+00,5.080000000000000000e+02,2.000000000000000000e+00,1.431655765000000000e+09,2.024666996684200764e+09,4.099276447462223872e+18,7.071067811865475727e-01,-1.500000000000000000e+00,1.833333333333332860e+02,9.993775840769872332e+01,9.987555555555556566e+03,-7.071067811865474617e-01,-1.500000000000000000e+00,9.429848194122320004e-02,1.700000000000000000e+01,0.000000000000000000e+00
5.544400000000000000e+04,5.544400000000000000e+04,1.600000000000000000e+03,2.000000000000000000e+02,3.184000000000000000e+03,1.990000000000000000e+02,7.901999999999999602e+01,4.204577025100147125e+02,1.767846796000000322e+05,6.837347632229564987e+00,4.484311359588743073e+01,1.200000000000000000e+01,4.000000000000000000e+00,1.600000000000000000e+01,0.000000000000000000e+00,-2.000000000000000000e+00,3.205000901967287064e+01,1.700000000000000000e+01,8.110000000000000000e+02
3.335800000000000000e+04,5.544300000000000000e+04,7.250000000000000000e+02,3.000000000000000000e+00,3.180000000000000000e+02,2.000000000000000000e+00,3.666666666666666519e+00,3.858612300930075900e+00,1.488888888888889284e+01,5.673165779937292541e-01,-1.500000000000000000e+00,3.476666666666667425e+02,2.823170007082267148e+02,7.970288888888889051e+04,3.827771500504404956e-01,-1.500000000000000000e+00,1.280593872070310071e-02,6.000000000000000000e+00,8.110000000000000000e+02
3.285300000000000000e+04,5.300000000000000000e+01,4.100000000000000000e+01,1.000000000000000000e+00,6.280000000000000000e+02,2.000000000000000000e+00,1.431655765000000000e+09,2.024666998805521250e+09,4.099276456052158976e+18,7.071067811865474617e-01,-1.500000000000000000e+00,2.230000000000000000e+02,1.286934341759516371e+02,1.656200000000000000e+04,-7.071067811865475727e-01,-1.500000000000000000e+00,-1.074075698852500031e-03,1.700000000000000000e+01,0.000000000000000000e+00
4.500800000000000000e+04,1.111000000000000000e+03,2.000000000000000000e+00,1.000000000000000000e+00,0.000000000000000000e+00,0.000000000000000000e+00,0.000000000000000000e+00,0.000000000000000000e+00,0.000000000000000000e+00,0.000000000000000000e+00,-3.000000000000000000e+00,2.000000000000000000e+00,0.000000000000000000e+00,0.000000000000000000e+00,0.000000000000000000e+00,-3.000000000000000000e+00,0.000000000000000000e+00,1.700000000000000000e+01,8.110000000000000000e+02
3.500600000000000000e+04,4.430000000000000000e+02,3.100000000000000000e+01,2.000000000000000000e+00,0.000000000000000000e+00,2.000000000000000000e+00,0.000000000000000000e+00,0.000000000000000000e+00,0.000000000000000000e+00,0.000000000000000000e+00,-3.000000000000000000e+00,3.100000000000000000e+01,0.000000000000000000e+00,0.000000000000000000e+00,0.000000000000000000e+00,-3.000000000000000000e+00,2.308845520019500025e-03,6.000000000000000000e+00,1.000000000000000000e+01
5.978300000000000000e+04,4.430000000000000000e+02,9.200000000000000000e+01,2.000000000000000000e+00,1.380000000000000000e+02,7.000000000000000000e+00,1.199960000000000036e+04,1.461321361781863561e+04,2.135460122400000095e+08,4.082283855959951135e-01,-1.833322317179386873e+00,4.600000000000000000e+01,0.000000000000000000e+00,0.000000000000000000e+00,0.000000000000000000e+00,-3.000000000000000000e+00,5.999984407424928179e+01,6.000000000000000000e+00,9.000000000000000000e+01
5.544400000000000000e+04,5.544400000000000000e+04,1.600000000000000000e+03,2.000000000000000000e+02,3.200000000000000000e+03,2.000000000000000000e+02,4.935000000000000142e+01,2.994709793953329608e+02,8.968286749999997846e+04,9.788392792483840310e+00,9.421693693169912365e+01,1.200000000000000000e+01,4.000000000000000000e+00,1.600000000000000000e+01,0.000000000000000000e+00,-2.000000000000000000e+00,2.897706508636474254e+01,1.700000000000000000e+01,8.110000000000000000e+02
4.660100000000000000e+04,4.430000000000000000e+02,3.300000000000000000e+01,2.000000000000000000e+00,3.100000000000000000e+01,1.000000000000000000e+00,3.900000000000000000e+01,3.900000000000000000e+01,1.521000000000000000e+03,0.000000000000000000e+00,-2.000000000000000000e+00,3.200000000000000000e+01,1.000000000000000000e+00,1.000000000000000000e+00,0.000000000000000000e+00,-2.000000000000000000e+00,7.891106605529779605e-02,6.000000000000000000e+00,6.600000000000000000e+01
5.544400000000000000e+04,5.544400000000000000e+04,1.384000000000000000e+03,1.730000000000000000e+02,2.768000000000000000e+03,1.730000000000000000e+02,4.917999999999999972e+01,2.972461733984139869e+02,8.835528760000002512e+04,9.791027971407963548e+00,9.425139764663228448e+01,1.190000427514314651e+01,4.000000000000000000e+00,1.600000000000000000e+01,-1.999953389167785645e-01,-2.000000000000000000e+00,2.896650385856628418e+01,1.700000000000000000e+01,8.110000000000000000e+02
4.957900000000000000e+04,5.544300000000000000e+04,7.240000000000000000e+02,3.000000000000000000e+00,3.180000000000000000e+02,2.000000000000000000e+00,7.500000000000000000e+01,9.907909298467899362e+01,9.816666666666666060e+03,7.017082605646712823e-01,-1.500000000000000000e+00,3.473333333333332575e+02,2.818715231369700973e+02,7.945155555555554747e+04,4.812149083182641340e-01,-1.499999999999999556e+00,2.262308597564696988e-01,6.000000000000000000e+00,8.110000000000000000e+02
4.160400000000000000e+04,4.430000000000000000e+02,3.100000000000000000e+01,2.000000000000000000e+00,0.000000000000000000e+00,0.000000000000000000e+00,0.000000000000000000e+00,0.000000000000000000e+00,0.000000000000000000e+00,0.000000000000000000e+00,-3.000000000000000000e+00,3.100000000000000000e+01,0.000000000000000000e+00,0.000000000000000000e+00,0.000000000000000000e+00,-3.000000000000000000e+00,-9.959893673658373747e-02,6.000000000000000000e+00,1.140000000000000000e+02
1.634400000000000000e+04,3.210000000000000000e+04,2.160000000000000000e+02,2.000000000000000000e+00,4.800000000000000000e+01,6.000000000000000000e+00,7.038250000000000000e+03,1.214739290701918435e+04,1.475591544375000000e+08,1.154706484886026008e+00,-6.665760905841509043e-01,3.300000000000000000e+01,4.330127018922191695e+01,1.875000000000000000e+03,1.154700538379251684e+00,-6.666666666666665186e-01,5.630853700637818093e+01,1.700000000000000000e+01,0.000000000000000000e+00
4.235300000000000000e+04,8.000000000000000000e+01,0.000000000000000000e+00,1.000000000000000000e+00,0.000000000000000000e+00,2.000000000000000000e+00,0.000000000000000000e+00,0.000000000000000000e+00,0.000000000000000000e+00,0.000000000000000000e+00,-3.000000000000000000e+00,0.000000000000000000e+00,0.000000000000000000e+00,0.000000000000000000e+00,0.000000000000000000e+00,-3.000000000000000000e+00,0.000000000000000000e+00,6.000000000000000000e+00,9.000000000000000000e+01
3.780200000000000000e+04,5.300000000000000000e+01,4.100000000000000000e+01,1.000000000000000000e+00,5.640000000000000000e+02,2.000000000000000000e+00,1.431655765000000000e+09,2.024666998805521250e+09,4.099276456052158976e+18,7.071067811865474617e-01,-1.500000000000000000e+00,2.016666666666666288e+02,1.136084895106386341e+02,1.290688888888888869e+04,-7.071067811865473507e-01,-1.500000000000000444e+00,-1.014854162931442122e-01,1.700000000000000000e+01,0.000000000000000000e+00
3.335700000000000000e+04,5.544300000000000000e+04,7.250000000000000000e+02,3.000000000000000000e+00,3.180000000000000000e+02,2.000000000000000000e+00,1.666666666666666741e+00,1.247219128924647036e+00,1.555555555555555580e+00,-3.818017741606063997e-01,-1.499999999999999778e+00,3.476666666666667425e+02,2.825170006814046246e+02,7.970288888888889051e+04,3.827771500504404956e-01,-1.500000000000000000e+00,6.464004516601500050e-03,6.000000000000000000e+00,8.110000000000000000e+02
6.800000000000000000e+01,6.700000000000000000e+01,3.080000000000000000e+02,1.000000000000000000e+00,6.020000000000000000e+02,2.000000000000000000e+00,6.800000000000000000e+01,9.616652224137044414e+01,9.248000000000000000e+03,7.071067811865475727e-01,-1.500000000000000000e+00,3.033333333333333144e+02,3.699817733813131060e+00,1.068893735938602418e+01,7.071067811865645591e-01,-1.499999999999984235e+00,2.047870159149169922e-01,1.700000000000000000e+01,0.000000000000000000e+00
3.439700000000000000e+04,5.544300000000000000e+04,3.239000000000000000e+03,1.700000000000000000e+01,2.217000000000000000e+03,1.300000000000000000e+01,1.971769230769230717e+03,3.581486179568178613e+03,1.282704325443786755e+07,1.762161304580998733e+00,1.314887004197167641e+00,4.196923076923076792e+02,4.484591370828965182e+02,2.011155976331360871e+05,1.227682860125068443e+00,1.942515334551697115e-01,2.564112997055053711e+01,6.000000000000000000e+00,8.110000000000000000e+02
4.915700000000000000e+04,4.430000000000000000e+02,8.000000000000000000e+01,2.000000000000000000e+00,2.500000000000000000e+02,5.000000000000000000e+00,1.686428571428571377e+04,2.665276164578332828e+04,7.103697033469387293e+08,9.486830368454601814e-01,-1.100000011636240949e+00,4.714285714285713880e+01,4.517539514526256461e+00,2.040816326530611846e+01,-9.486832980505159885e-01,-1.099999999999996980e+00,1.180512261390686035e+02,1.700000000000000000e+01,0.000000000000000000e+00
4.958200000000000000e+04,5.544300000000000000e+04,7.250000000000000000e+02,3.000000000000000000e+00,3.180000000000000000e+02,2.000000000000000000e+00,5.000000000000000000e+00,4.546060565661951713e+00,2.066666666666666785e+01,3.193122665787531123e-01,-1.500000000000000222e+00,3.476666666666667425e+02,2.823170007082267148e+02,7.970288888888889051e+04,3.827771500504404956e-01,-1.500000000000000000e+00,1.896691322326660156e-02,6.000000000000000000e+00,8.110000000000000000e+02
6.075600000000000000e+04,4.430000000000000000e+02,3.383400000000000000e+04,1.650000000000000000e+02,8.212000000000000000e+03,2.130000000000000000e+02,1.945824175824176052e+02,7.051701542918882524e+02,4.972649465040455107e+05,6.526782713246639389e+00,4.849506552550450067e+01,8.232307692307691696e+02,6.524205324337719958e+02,4.256525511411665357e+05,-1.210561190001917947e-01,-1.898751014035110485e+00,1.978679108619689941e+01,6.000000000000000000e+00,9.000000000000000000e+01
9.999000000000000000e+03,9.999000000000000000e+03,8.700000000000000000e+01,3.000000000000000000e+00,0.000000000000000000e+00,0.000000000000000000e+00,0.000000000000000000e+00,0.000000000000000000e+00,0.000000000000000000e+00,0.000000000000000000e+00,-3.000000000000000000e+00,2.900000000000000000e+01,0.000000000000000000e+00,0.000000000000000000e+00,0.000000000000000000e+00,-3.000000000000000000e+00,1.499652862548000066e-04,1.700000000000000000e+01,0.000000000000000000e+00
5.432100000000000000e+04,8.053000000000000000e+03,9.600000000000000000e+01,3.000000000000000000e+00,2.240000000000000000e+02,7.000000000000000000e+00,4.583199999999999818e+03,6.899193384737087399e+03,4.759886935999999940e+07,8.732625028002737322e-01,-1.235989560696393541e+00,3.200000000000000000e+01,0.000000000000000000e+00,0.000000000000000000e+00,0.000000000000000000e+00,-3.000000000000000000e+00,4.583505105972290039e+01,1.700000000000000000e+01,0.000000000000000000e+00
2.802300000000000000e+04,5.300000000000000000e+01,4.100000000000000000e+01,1.000000000000000000e+00,7.880000000000000000e+02,2.000000000000000000e+00,1.431655765000000000e+09,2.024666991734454393e+09,4.099276427419043840e+18,7.071067811865474617e-01,-1.500000000000000000e+00,2.763333333333333144e+02,1.664057958392341732e+02,2.769088888888889051e+04,-7.071067811865472397e-01,-1.500000000000000444e+00,-1.145100593566890021e-02,1.700000000000000000e+01,0.000000000000000000e+00
1.229900000000000000e+04,3.210000000000000000e+04,3.240000000000000000e+02,3.000000000000000000e+00,4.800000000000000000e+01,6.000000000000000000e+00,9.186111111111111313e+03,1.289085955624237977e+04,1.661742600987654924e+08,7.070500612364725157e-01,-1.499978404204010074e+00,4.133333333333333570e+01,4.714045207910317714e+01,2.222222222222222172e+03,7.071067811865471286e-01,-1.500000000000000444e+00,8.267859911918641558e+01,1.700000000000000000e+01,0.000000000000000000e+00
5.365800000000000000e+04,4.915300000000000000e+04,0.000000000000000000e+00,1.000000000000000000e+00,0.000000000000000000e+00,1.000000000000000000e+00,0.000000000000000000e+00,0.000000000000000000e+00,0.000000000000000000e+00,0.000000000000000000e+00,-3.000000000000000000e+00,0.000000000000000000e+00,0.000000000000000000e+00,0.000000000000000000e+00,0.000000000000000000e+00,-3.000000000000000000e+00,1.999999880790710449e-01,6.000000000000000000e+00,0.000000000000000000e+00
3.443800000000000000e+04,5.300000000000000000e+01,4.100000000000000000e+01,1.000000000000000000e+00,2.040000000000000000e+02,2.000000000000000000e+00,1.431655765000000000e+09,2.024666999512628794e+09,4.099276458915471872e+18,7.071067811865475727e-01,-1.500000000000000444e+00,8.166666666666667140e+01,2.875567576825293159e+01,8.268888888888886868e+02,-7.071067811865481278e-01,-1.403019614517687863e+00,-3.020763397215999986e-04,1.700000000000000000e+01,0.000000000000000000e+00
5.544400000000000000e+04,5.544400000000000000e+04,1.584000000000000000e+03,1.980000000000000000e+02,3.168000000000000000e+03,1.980000000000000000e+02,4.931000000000000227e+01,2.988479109848352095e+02,8.931007390000000305e+04,9.790619818489547654e+00,9.424667314832943532e+01,1.200000000000000000e+01,4.000000000000000000e+00,1.600000000000000000e+01,0.000000000000000000e+00,-2.000000000000000000e+00,2.897819900512695668e+01,1.700000000000000000e+01,8.110000000000000000e+02
9.999000000000000000e+03,9.999000000000000000e+03,6.260000000000000000e+02,1.000000000000000000e+00,0.000000000000000000e+00,0.000000000000000000e+00,0.000000000000000000e+00,0.000000000000000000e+00,0.000000000000000000e+00,0.000000000000000000e+00,-3.000000000000000000e+00,6.260000000000000000e+02,0.000000000000000000e+00,0.000000000000000000e+00,0.000000000000000000e+00,-3.000000000000000000e+00,0.000000000000000000e+00,1.700000000000000000e+01,8.110000000000000000e+02
6.012400000000000000e+04,5.544300000000000000e+04,7.250000000000000000e+02,3.000000000000000000e+00,3.180000000000000000e+02,2.000000000000000000e+00,2.666666666666666519e+00,2.154804661695861157e+00,4.222222222222221433e+00,-2.390631469295445011e-01,-1.500000000000000000e+00,3.476666666666667425e+02,2.823170007082267148e+02,7.970288888888889051e+04,3.827771500504404956e-01,-1.500000000000000000e+00,2.115840464830398560e-01,6.000000000000000000e+00,8.110000000000000000e+02
5.036700000000000000e+04,5.544300000000000000e+04,7.250000000000000000e+02,3.000000000000000000e+00,3.190000000000000000e+02,3.000000000000000000e+00,6.120000000000000000e+02,8.612595427628073139e+02,7.417680000000000000e+05,7.070810429250614648e-01,-1.500000000000000000e+00,3.480000000000000000e+02,2.822280401850012481e+02,7.965266666666668607e+04,4.798390749664852017e-01,-1.500000000000000222e+00,1.838038921356200728e+00,6.000000000000000000e+00,8.110000000000000000e+02
4.746600000000000000e+04,4.430000000000000000e+02,4.600000000000000000e+01,2.000000000000000000e+00,4.600000000000000000e+01,3.000000000000000000e+00,5.500000000000000000e+00,5.500000000000000000e+00,3.025000000000000000e+01,0.000000000000000000e+00,-2.000000000000000000e+00,4.600000000000000000e+01,0.000000000000000000e+00,0.000000000000000000e+00,-1.999999880790710449e-01,-3.000000000000000000e+00,1.670788377523422241e-01,6.000000000000000000e+00,9.000000000000000000e+01
4.030000000000000000e+04,8.000000000000000000e+01,1.460000000000000000e+02,6.000000000000000000e+00,7.750000000000000000e+02,6.000000000000000000e+00,7.233333333333332860e+01,5.114901975817544866e+01,2.616222222222222172e+03,-7.069040782188070748e-01,-1.500000000000000222e+00,3.070000000000000000e+02,1.167133240037314863e+02,1.362200000000000000e+04,-5.557489678765744623e-01,-1.500000000000000000e+00,2.419600486755371094e-01,6.000000000000000000e+00,2.110000000000000000e+02
4.294000000000000000e+03,5.300000000000000000e+01,4.300000000000000000e+01,1.000000000000000000e+00,1.600000000000000000e+02,2.000000000000000000e+00,1.431655765000000000e+09,2.024666998805521250e+09,4.099276456052158976e+18,7.071067811865474617e-01,-1.500000000000000000e+00,6.766666666666667140e+01,1.744196726926817220e+01,3.042222222222222285e+02,-7.071067811865483499e-01,-1.499999999999999112e+00,-1.862049102783200089e-03,1.700000000000000000e+01,0.000000000000000000e+00
5.544400000000000000e+04,5.544400000000000000e+04,1.600000000000000000e+03,2.000000000000000000e+02,3.200000000000000000e+03,2.000000000000000000e+02,4.925999999999999801e+01,2.984437173069656524e+02,8.906865240000000631e+04,9.791270908971572595e+00,9.425504474717638459e+01,1.200000000000000000e+01,4.000000000000000000e+00,1.600000000000000000e+01,0.000000000000000000e+00,-2.000000000000000000e+00,2.897850704193114879e+01,1.700000000000000000e+01,8.110000000000000000e+02
4.957900000000000000e+04,5.544300000000000000e+04,7.250000000000000000e+02,3.000000000000000000e+00,3.180000000000000000e+02,3.000000000000000000e+00,4.466666666666667425e+02,6.246243315430127723e+02,3.901555555555554456e+05,7.069708557489084999e-01,-1.500000000000000000e+00,3.476666666666667425e+02,2.823170007082267148e+02,7.970288888888889051e+04,3.827771500504404956e-01,-1.500000000000000000e+00,1.342581987380981445e+00,6.000000000000000000e+00,8.110000000000000000e+02
0.000000000000000000e+00,0.000000000000000000e+00,2.800000000000000000e+02,5.000000000000000000e+00,5.600000000000000000e+02,1.000000000000000000e+01,6.666666666666666297e-01,1.349897115421105687e+00,1.822222222222221522e+00,1.596026482391105672e+00,7.165377751338493084e-01,5.600000000000000000e+01,0.000000000000000000e+00,0.000000000000000000e+00,0.000000000000000000e+00,-3.000000000000000000e+00,1.387906074523920057e-02,1.000000000000000000e+00,0.000000000000000000e+00
9.999000000000000000e+03,9.999000000000000000e+03,6.000000000000000000e+02,1.000000000000000000e+00,0.000000000000000000e+00,0.000000000000000000e+00,0.000000000000000000e+00,0.000000000000000000e+00,0.000000000000000000e+00,0.000000000000000000e+00,-3.000000000000000000e+00,6.000000000000000000e+02,0.000000000000000000e+00,0.000000000000000000e+00,0.000000000000000000e+00,-3.000000000000000000e+00,0.000000000000000000e+00,1.700000000000000000e+01,8.110000000000000000e+02
5.245800000000000000e+04,8.000000000000000000e+01,6.400000000000000000e+01,7.000000000000000000e+00,0.000000000000000000e+00,1.200000000000000000e+01,2.515000000000000000e+02,2.500000000000000000e+00,6.250000000000000000e+00,0.000000000000000000e+00,-2.000000000000000000e+00,3.200000000000000000e+01,0.000000000000000000e+00,0.000000000000000000e+00,0.000000000000000000e+00,-3.000000000000000000e+00,4.347877025604248047e+00,6.000000000000000000e+00,1.580000000000000000e+02
5.353000000000000000e+03,5.353000000000000000e+03,1.350000000000000000e+03,6.000000000000000000e+00,0.000000000000000000e+00,0.000000000000000000e+00,9.200000000000000000e+01,2.057182539299806479e+02,4.232000000000000000e+04,1.788854381999831711e+00,1.200000000000000178e+00,2.250000000000000000e+02,0.000000000000000000e+00,0.000000000000000000e+00,0.000000000000000000e+00,-3.000000000000000000e+00,5.523850917816162109e-01,1.700000000000000000e+01,0.000000000000000000e+00
6.527600000000000000e+04,8.883000000000000000e+03,9.300000000000000000e+01,5.000000000000000000e+00,9.300000000000000000e+01,3.000000000000000000e+00,2.004366666666666788e+04,2.826224695989726024e+04,7.987546032222219706e+08,7.071036883232749704e-01,-1.499999950128150239e+00,3.100000000000000000e+01,0.000000000000000000e+00,0.000000000000000000e+00,0.000000000000000000e+00,-3.000000000000000000e+00,1.202647418975829936e+02,6.000000000000000000e+00,2.110000000000000000e+02
6.099500000000000000e+04,5.544300000000000000e+04,7.254000000357627869e+02,3.000000000000000000e+00,3.181999999880790710e+02,2.000000000000000000e+00,1.333333333333333259e+00,9.428090415820633563e-01,8.888888888888890616e-01,-7.071067811865474617e-01,-1.500000000000000222e+00,3.476666666666667425e+02,2.823170007082267148e+02,7.970288888888889051e+04,3.827771500504404956e-01,-1.500000000000000000e+00,1.101139485836028220e-01,6.000000000000000000e+00,8.110000000000000000e+02
9.999000000000000000e+03,9.999000000000000000e+03,6.000000000000000000e+02,1.000000000000000000e+00,0.000000000000000000e+00,0.000000000000000000e+00,0.000000000000000000e+00,0.000000000000000000e+00,0.000000000000000000e+00,0.000000000000000000e+00,-3.000000000000000000e+00,6.000000000000000000e+02,0.000000000000000000e+00,0.000000000000000000e+00,0.000000000000000000e+00,-3.000000000000000000e+00,0.000000000000000000e+00,1.700000000000000000e+01,8.110000000000000000e+02
5.635200000000000000e+04,4.430000000000000000e+02,2.410000000000000000e+02,2.000000000000000000e+00,9.200000000000000000e+01,1.000000000000000000e+00,4.020000030845403671e+01,4.050000000000000000e+01,1.640250000000000000e+03,0.000000000000000000e+00,-2.000000000000000000e+00,1.665000000000000000e+02,7.450000000000000000e+01,5.550250000000000000e+03,0.000000000000000000e+00,-2.000000000000000000e+00,8.313107490539549393e-02,6.000000000000000000e+00,9.000000000000000000e+01
5.558800000000000000e+04,5.000000000000000000e+04,3.740000000000000000e+02,1.000000000000000000e+00,0.000000000000000000e+00,0.000000000000000000e+00,0.000000000000000000e+00,0.000000000000000000e+00,0.000000000000000000e+00,0.000000000000000000e+00,-3.000000000000000000e+00,3.740000000000000000e+02,0.000000000000000000e+00,0.000000000000000000e+00,0.000000000000000000e+00,-3.000000000000000000e+00,0.000000000000000000e+00,1.700000000000000000e+01,8.110000000000000000e+02
4.764100000000000000e+04,5.228000000000000000e+03,0.000000000000000000e+00,1.000000000000000000e+00,0.000000000000000000e+00,2.000000000000000000e+00,0.000000000000000000e+00,0.000000000000000000e+00,0.000000000000000000e+00,0.000000000000000000e+00,-3.000000000000000000e+00,0.000000000000000000e+00,0.000000000000000000e+00,0.000000000000000000e+00,0.000000000000000000e+00,-3.000000000000000000e+00,8.229970932006799508e-03,6.000000000000000000e+00,7.000000000000000000e+00
6.053300000000000000e+04,1.111000000000000000e+03,2.000000000000000000e+00,1.000000000000000000e+00,0.000000000000000000e+00,0.000000000000000000e+00,0.000000000000000000e+00,0.000000000000000000e+00,0.000000000000000000e+00,0.000000000000000000e+00,-3.000000000000000000e+00,2.000000000000000000e+00,0.000000000000000000e+00,0.000000000000000000e+00,0.000000000000000000e+00,-3.000000000000000000e+00,0.000000000000000000e+00,1.700000000000000000e+01,8.110000000000000000e+02
3.283300000000000000e+04,5.544300000000000000e+04,5.870000000000000000e+02,3.000000000000000000e+00,2.530000000000000000e+02,2.000000000000000000e+00,1.666666666666666741e+00,1.699673171197594979e+00,2.888888888888888840e+00,5.280049792181874535e-01,-1.500000000000000444e+00,2.800000000000000000e+02,2.268141676938780904e+02,5.144466666666665697e+04,4.494346546861893166e-01,-1.500000000000000000e+00,7.644176483154199730e-03,6.000000000000000000e+00,8.110000000000000000e+02
9.999000000000000000e+03,9.999000000000000000e+03,6.000000000000000000e+02,1.000000000000000000e+00,0.000000000000000000e+00,0.000000000000000000e+00,0.000000000000000000e+00,0.000000000000000000e+00,0.000000000000000000e+00,0.000000000000000000e+00,-3.000000000000000000e+00,6.000000000000000000e+02,0.000000000000000000e+00,0.000000000000000000e+00,0.000000000000000000e+00,-3.000000000000000000e+00,0.000000000000000000e+00,1.700000000000000000e+01,8.110000000000000000e+02
3.299000000000000000e+04,5.300000000000000000e+01,3.500000000000000000e+01,1.000000000000000000e+00,8.120000000000000000e+02,2.000000000000000000e+00,1.431655765000000000e+09,2.024666998805521250e+09,4.099276456052158976e+18,7.071067811865474617e-01,-1.500000000000000000e+00,2.823333333333333144e+02,1.748910772134727551e+02,3.058688888888888687e+04,-7.071067811865472397e-01,-1.500000000000000222e+00,-1.023054122924799917e-03,1.700000000000000000e+01,0.000000000000000000e+00
4.550800000000000000e+04,8.000000000000000000e+01,3.050000000000000000e+02,3.000000000000000000e+00,8.300000000000000000e+01,3.000000000000000000e+00,7.506500000000000000e+03,7.505500000000000000e+03,5.633253025000000000e+07,0.000000000000000000e+00,-2.000000000000000000e+00,1.940000000000000000e+02,1.110000000000000000e+02,1.232100000000000000e+04,0.000000000000000000e+00,-2.000000000000000000e+00,1.501490902900695801e+01,6.000000000000000000e+00,2.400000000000000000e+02
3.414400000000000000e+04,5.544300000000000000e+04,7.240000000000000000e+02,3.000000000000000000e+00,3.190000000000000000e+02,2.000000000000000000e+00,4.000000000000000000e+00,4.320493798938573882e+00,1.866666666666666785e+01,5.951700641394972457e-01,-1.500000000000000444e+00,3.476666666666667425e+02,2.817828162886366954e+02,7.940155555555556202e+04,4.788547251899265000e-01,-1.500000000000000444e+00,1.866292953491209897e-02,6.000000000000000000e+00,8.110000000000000000e+02
5.544400000000000000e+04,5.544400000000000000e+04,1.600000000000000000e+03,2.000000000000000000e+02,3.200000000000000000e+03,2.000000000000000000e+02,4.940999999999999659e+01,3.007884337869393789e+02,9.047368189999999595e+04,9.796929304876867306e+00,9.432868726500855416e+01,1.200000000000000000e+01,4.000000000000000000e+00,1.600000000000000000e+01,0.000000000000000000e+00,-2.000000000000000000e+00,2.897639083862305043e+01,1.700000000000000000e+01,8.110000000000000000e+02
5.540400000000000000e+04,5.544300000000000000e+04,5.860000000000000000e+02,3.000000000000000000e+00,2.530000000000000000e+02,2.000000000000000000e+00,2.000000000000000000e+00,2.160246899469286941e+00,4.666666666666666963e+00,5.951700641394972457e-01,-1.500000000000000444e+00,2.796666666666666856e+02,2.263630319248755995e+02,5.124022222222221899e+04,4.484455842497918066e-01,-1.500000000000000000e+00,8.241891860961900185e-03,6.000000000000000000e+00,8.110000000000000000e+02
6.800000000000000000e+01,6.700000000000000000e+01,3.080000000000000000e+02,1.000000000000000000e+00,6.020000000000000000e+02,2.000000000000000000e+00,1.996666666666666288e+02,2.823713079538280226e+02,7.973355555555557657e+04,7.071067811865476838e-01,-1.500000000000000000e+00,3.033333333333333144e+02,3.299831645537221636e+00,1.088888888888889284e+01,7.071067811865645591e-01,-1.499999999999984235e+00,6.000480651855468750e-01,1.700000000000000000e+01,0.000000000000000000e+00
5.353000000000000000e+03,5.353000000000000000e+03,0.000000000000000000e+00,0.000000000000000000e+00,6.633000000000000000e+03,2.400000000000000000e+01,6.584583333333333712e+02,1.768689274085159695e+03,3.128261748263888061e+06,3.239153850774468602e+00,9.864099906410162433e+00,2.763750000000000000e+02,1.234513441603614439e+02,1.524023437500000000e+04,-5.163977794943223065e-01,-1.733333333333333393e+00,1.580682611465453924e+01,1.700000000000000000e+01,8.110000000000000000e+02
3.471200000000000000e+04,8.000000000000000000e+01,1.900000000000000000e+02,5.000000000000000000e+00,4.970000000000000000e+02,6.000000000000000000e+00,6.000000000000000000e+00,7.118052168020874149e+00,5.066666666666665719e+01,6.654688661238352676e-01,-1.500000000000000000e+00,2.290000000000000000e+02,1.781029664735168865e+02,3.172066666666667152e+04,3.179618984298727136e-01,-1.500000000000000222e+00,2.993106842041010074e-02,6.000000000000000000e+00,1.140000000000000000e+02
4.572900000000000000e+04,8.000000000000000000e+01,6.100000000000000000e+02,5.000000000000000000e+00,1.660000000000000000e+02,4.000000000000000000e+00,3.746750000000000000e+03,4.676479785853885005e+03,2.186946318750000000e+07,8.612982355490405029e-01,-9.516836422616435920e-01,1.940000000000000000e+02,1.110000000000000000e+02,1.232100000000000000e+04,0.000000000000000000e+00,-2.000000000000000000e+00,1.499057197570800781e+01,6.000000000000000000e+00,2.400000000000000000e+02
3.482700000000000000e+04,4.430000000000000000e+02,0.000000000000000000e+00,1.000000000000000000e+00,0.000000000000000000e+00,2.000000000000000000e+00,0.000000000000000000e+00,0.000000000000000000e+00,0.000000000000000000e+00,0.000000000000000000e+00,-3.000000000000000000e+00,0.000000000000000000e+00,0.000000000000000000e+00,0.000000000000000000e+00,0.000000000000000000e+00,-3.000000000000000000e+00,2.334117889404200164e-03,6.000000000000000000e+00,7.000000000000000000e+00
4.915500000000000000e+04,6.666000000000000000e+03,5.280000000000000000e+03,3.000000000000000000e+01,0.000000000000000000e+00,0.000000000000000000e+00,9.998999999999999773e+02,1.414073745130241377e+03,1.999604556666666409e+06,7.071140023037840727e-01,-1.499979570189712064e+00,1.760000000000000000e+02,0.000000000000000000e+00,0.000000000000000000e+00,0.000000000000000000e+00,-3.000000000000000000e+00,3.000265502929687500e+01,1.700000000000000000e+01,0.000000000000000000e+00
5.986300000000000000e+04,8.000000000000000000e+01,0.000000000000000000e+00,1.000000000000000000e+00,0.000000000000000000e+00,2.000000000000000000e+00,0.000000000000000000e+00,0.000000000000000000e+00,0.000000000000000000e+00,0.000000000000000000e+00,-3.000000000000000000e+00,0.000000000000000000e+00,0.000000000000000000e+00,0.000000000000000000e+00,0.000000000000000000e+00,-3.000000000000000000e+00,0.000000000000000000e+00,6.000000000000000000e+00,9.000000000000000000e+01
5.544400000000000000e+04,5.544400000000000000e+04,3.216000000000000000e+03,2.010000000000000000e+02,1.608000000000000000e+03,2.010000000000000000e+02,7.939000000000000057e+01,4.190055583163546089e+02,1.755656578999999911e+05,6.836228984334829839e+00,4.483521225556552992e+01,1.200000000000000000e+01,4.000000000000000000e+00,1.600000000000000000e+01,0.000000000000000000e+00,-2.000000000000000000e+00,3.196453545242548699e+01,1.700000000000000000e+01,8.110000000000000000e+02
5.781000000000000000e+04,5.300000000000000000e+01,3.200000000000000000e+01,1.000000000000000000e+00,5.920000000000000000e+02,2.000000000000000000e+00,1.431655765000000000e+09,2.024666999512628794e+09,4.099276458915471872e+18,7.071067811865475727e-01,-1.500000000000000444e+00,2.080000000000000000e+02,1.244507934888323604e+02,1.548800000000000000e+04,-7.071067811865475727e-01,-1.500000000000000000e+00,-8.418560028075999487e-04,1.700000000000000000e+01,0.000000000000000000e+00
5.488200000000000000e+04,7.001000000000000000e+03,0.000000000000000000e+00,1.000000000000000000e+00,1.800000000000000000e+02,1.000000000000000000e+00,0.000000000000000000e+00,2.962526679039001465e-01,0.000000000000000000e+00,0.000000000000000000e+00,-3.000000000000000000e+00,1.800000000000000000e+02,0.000000000000000000e+00,0.000000000000000000e+00,0.000000000000000000e+00,-3.000000000000000000e+00,-9.713785350322727552e-02,6.000000000000000000e+00,0.000000000000000000e+00
3.000000000000000000e+04,5.671000000000000000e+03,7.250000000000000000e+02,3.000000000000000000e+00,1.540000000000000000e+02,2.000000000000000000e+00,4.994333333333334303e+04,4.298612484925288300e+04,1.847806929555556059e+09,1.794917312632897943e-01,-1.499999999999999112e+00,2.930000000000000000e+02,3.055399591979200977e+02,9.335466666666668607e+04,7.056527709042431651e-01,-1.500000000000000000e+00,1.498319048881531046e+02,6.000000000000000000e+00,1.370000000000000000e+02
1.449700000000000000e+04,2.505000000000000000e+04,3.540000000000000000e+02,3.000000000000000000e+00,8.260000000000000000e+02,7.000000000000000000e+00,4.792100000000000364e+03,7.131550889533074951e+03,5.085901809000000358e+07,8.720576691674812864e-01,-1.238016488402317261e+00,1.180000000000000000e+02,0.000000000000000000e+00,0.000000000000000000e+00,0.000000000000000000e+00,-3.000000000000000000e+00,4.792379403114318848e+01,1.700000000000000000e+01,0.000000000000000000e+00
6.091800000000000000e+04,5.544300000000000000e+04,7.250000000000000000e+02,3.000000000000000000e+00,3.170000000000000000e+02,2.000000000000000000e+00,1.100000000000000000e+01,1.219289410544791963e+01,1.486666666666666572e+02,6.189740628044657633e-01,-1.499999999999999778e+00,3.473333333333332575e+02,2.824067200963098685e+02,7.975355555555554747e+04,3.856958605374887217e-01,-1.499999999999999556e+00,3.674912452697749743e-02,6.000000000000000000e+00,8.110000000000000000e+02
6.012900000000000000e+04,5.544300000000000000e+04,7.250000000000000000e+02,3.000000000000000000e+00,3.180000000000000000e+02,2.000000000000000000e+00,5.666666666666667851e+00,4.027681991198191369e+00,1.622222222222222143e+01,-6.745554845457660820e-01,-1.400540865957736525e+00,3.476666666666667425e+02,2.823170007082267148e+02,7.970288888888889051e+04,3.827771500504404956e-01,-1.500000000000000000e+00,2.231502532958979865e-02,6.000000000000000000e+00,8.110000000000000000e+02
4.957900000000000000e+04,5.544300000000000000e+04,5.860000000000000000e+02,3.000000000000000000e+00,2.530000000000000000e+02,2.000000000000000000e+00,6.833333333333332860e+01,9.034870717884615487e+01,8.162888888888889596e+03,7.018479659719997210e-01,-1.499999999999999778e+00,2.796666666666666856e+02,2.263630319248755995e+02,5.124022222222221899e+04,4.484455842497918066e-01,-1.500000000000000000e+00,2.074780464172363004e-01,6.000000000000000000e+00,8.110000000000000000e+02
6.800000000000000000e+01,6.700000000000000000e+01,3.000000000000000000e+02,1.000000000000000000e+00,6.020000000000000000e+02,2.000000000000000000e+00,8.400000000000000000e+01,1.187939392393399771e+02,1.411200000000000000e+04,7.071067811865475727e-01,-1.500000000000000000e+00,3.006666666666666856e+02,4.714045207910316782e-01,2.222222222222222099e-01,-7.071067811866682540e-01,-1.499999999999886313e+00,2.521069049835205078e-01,1.700000000000000000e+01,0.000000000000000000e+00
4.282300000000000000e+04,5.544300000000000000e+04,7.250000000000000000e+02,3.000000000000000000e+00,3.190000000000000000e+02,2.000000000000000000e+00,2.000000000000000000e+00,1.632993161855451847e+00,2.666666666666666519e+00,0.000000000000000000e+00,-1.500000000000000000e+00,3.480000000000000000e+02,2.822280401850012481e+02,7.965266666666668607e+04,3.798473287196704740e-01,-1.500000000000000222e+00,7.541179656982400191e-03,6.000000000000000000e+00,8.110000000000000000e+02
4.203000000000000000e+04,5.544300000000000000e+04,7.250000000000000000e+02,3.000000000000000000e+00,3.180000000000000000e+02,2.000000000000000000e+00,4.000000000000000000e+00,2.943920288775948801e+00,8.666666666666666075e+00,-4.703304603369858894e-01,-1.499999999999999778e+00,3.476666666666667425e+02,2.823170007082267148e+02,7.970288888888889051e+04,3.827771500504404956e-01,-1.500000000000000000e+00,2.575707435607910156e-02,6.000000000000000000e+00,8.110000000000000000e+02
0.000000000000000000e+00,0.000000000000000000e+00,2.560000000000000000e+02,1.000000000000000000e+00,7.680000000000000000e+02,3.000000000000000000e+00,1.338000000000000000e+03,2.231155866361648805e+03,4.978056500000000000e+06,1.152074078589882644e+00,-6.687407524428432559e-01,2.560000000000000000e+02,0.000000000000000000e+00,0.000000000000000000e+00,0.000000000000000000e+00,-3.000000000000000000e+00,5.353811979293823242e+00,1.000000000000000000e+00,2.810000000000000000e+02
0.000000000000000000e+00,0.000000000000000000e+00,1.680000000000000000e+02,3.000000000000000000e+00,3.360000000000000000e+02,6.000000000000000000e+00,2.666888888888888687e+03,5.087013803018305225e+03,2.587770943209876493e+07,1.470222887729607297e+00,3.529299587348554978e-01,5.600000000000000000e+01,0.000000000000000000e+00,0.000000000000000000e+00,0.000000000000000000e+00,-3.000000000000000000e+00,2.400370311737060547e+01,1.000000000000000000e+00,0.000000000000000000e+00
3.414400000000000000e+04,5.544300000000000000e+04,7.250000000000000000e+02,3.000000000000000000e+00,3.190000000000000000e+02,2.000000000000000000e+00,4.000000000000000000e+00,2.943920288775948801e+00,8.666666666666666075e+00,-4.703304603369858894e-01,-1.499999999999999778e+00,3.480000000000000000e+02,2.822280401850012481e+02,7.965266666666668607e+04,2.798478934736797208e-01,-1.500000000000000222e+00,1.688194274902339934e-02,6.000000000000000000e+00,8.110000000000000000e+02
3.335700000000000000e+04,5.544300000000000000e+04,7.250000000000000000e+02,3.000000000000000000e+00,3.183999999165534973e+02,2.000000000000000000e+00,4.666666666666666963e+00,5.906681715556449497e+00,3.488888888888888573e+01,6.919365269856481149e-01,-1.500000000000000222e+00,3.476666666666667425e+02,2.823170007082267148e+02,7.970288888888889051e+04,3.827771500504404956e-01,-1.699999973177909851e+00,4.168197810649871271e-01,6.000000000000000000e+00,8.110000000000000000e+02
5.353000000000000000e+03,5.353000000000000000e+03,1.350000000000000000e+03,6.000000000000000000e+00,0.000000000000000000e+00,0.000000000000000000e+00,1.681666666666666572e+02,3.760320982162145924e+02,1.414001388888888760e+05,1.788854381999832377e+00,1.200000000000001066e+00,2.250000000000000000e+02,0.000000000000000000e+00,0.000000000000000000e+00,0.000000000000000000e+00,-3.000000000000000000e+00,1.009472131729125977e+00,1.700000000000000000e+01,0.000000000000000000e+00
3.499500000000000000e+04,8.080000000000000000e+03,5.940000000000000000e+02,9.800000000000000000e+01,8.190000000000000000e+02,9.000000000000000000e+01,2.966800000000000068e+02,5.494572573003289335e+02,3.019032775999999722e+05,3.060137853508525296e+00,7.449987710656169604e+00,1.322000000000000064e+01,3.838176650442238991e+00,1.473159999999999847e+01,-1.671929401470031995e-01,-9.143922039491135800e-01,3.063241004943848012e+01,6.000000000000000000e+00,3.210000000000000000e+02
6.012400000000000000e+04,5.544300000000000000e+04,7.240000000000000000e+02,3.000000000000000000e+00,3.180000000000000000e+02,2.000000000000000000e+00,6.333333333333332149e+00,5.312459150169742905e+00,2.822222222222222854e+01,9.387134092618140691e-02,-1.500000000000000222e+00,3.473333333333332575e+02,2.818715231369700973e+02,7.945155555555554747e+04,3.818017741606065107e-01,-1.499999999999999556e+00,1.210643574595450522e-01,6.000000000000000000e+00,8.110000000000000000e+02
5.036500000000000000e+04,5.544300000000000000e+04,7.260000000000000000e+02,3.000000000000000000e+00,3.190000000000000000e+02,2.000000000000000000e+00,5.333333333333333037e+00,3.858612300930075012e+00,1.488888888888888573e+01,-1.471865933764957557e-01,-1.499999999999999778e+00,3.483333333333332575e+02,2.826733489776179908e+02,7.990422222222223354e+04,3.808266033087475133e-01,-1.500000000000000000e+00,1.840281486511230122e-02,6.000000000000000000e+00,8.110000000000000000e+02
4.544500000000000000e+04,5.544300000000000000e+04,3.100000000000000000e+01,2.000000000000000000e+00,0.000000000000000000e+00,1.000000000000000000e+00,0.000000000000000000e+00,0.000000000000000000e+00,0.000000000000000000e+00,0.000000000000000000e+00,-3.000000000000000000e+00,3.100000000000000000e+01,0.000000000000000000e+00,0.000000000000000000e+00,0.000000000000000000e+00,-3.000000000000000000e+00,1.445055007934500056e-03,6.000000000000000000e+00,8.110000000000000000e+02
5.544400000000000000e+04,5.544400000000000000e+04,1.592000000000000000e+03,1.990000000000000000e+02,3.184000000000000000e+03,1.990000000000000000e+02,4.957000000000000028e+01,2.995993075759687940e+02,8.975974509999998554e+04,9.793431421086843613e+00,9.428305168881919940e+01,1.200000000000000000e+01,4.000000000000000000e+00,1.600000000000000000e+01,0.000000000000000000e+00,-2.000000000000000000e+00,2.902039289474487660e+01,1.700000000000000000e+01,8.110000000000000000e+02
6.800000000000000000e+01,6.700000000000000000e+01,3.080000000000000000e+02,1.000000000000000000e+00,6.020000000000000000e+02,2.000000000000000000e+00,1.393333333333333428e+02,1.970470896906512337e+02,3.882755555555556202e+04,7.071067811865472397e-01,-1.500000000000000888e+00,3.033333333333333144e+02,3.299831645537221636e+00,1.088888888888889284e+01,7.071067811865645591e-01,-1.499999999999984235e+00,4.181771278381348211e-01,1.700000000000000000e+01,0.000000000000000000e+00
4.420200000000000000e+04,4.430000000000000000e+02,3.100000000000000000e+01,5.000000000000000000e+00,7.700000000000000000e+01,6.000000000000000000e+00,1.000000000000000000e+00,1.414213562373095145e+00,2.000000000000000000e+00,7.071067811865474617e-01,-1.500000000000000000e+00,3.600000000000000000e+01,7.071067811865476394e+00,5.000000000000000000e+01,7.071067811865474617e-01,-1.500000000000000000e+00,-9.418415278196343166e-02,6.000000000000000000e+00,1.140000000000000000e+02
3.571500000000000000e+04,5.544300000000000000e+04,2.140000000000000000e+02,3.000000000000000000e+00,2.530000000000000000e+02,2.000000000000000000e+00,4.666666666666666963e+00,4.642796092394707586e+00,2.155555555555556069e+01,4.922084283307170960e-01,-1.300143569707870705e+00,1.556666666666666572e+02,7.759868269214082659e+01,6.021555555555555657e+03,-7.027936955484724857e-01,-1.500000000000000222e+00,-7.756415009498604518e-02,6.000000000000000000e+00,8.110000000000000000e+02
5.426400000000000000e+04,8.000000000000000000e+01,0.000000000000000000e+00,1.000000000000000000e+00,0.000000000000000000e+00,2.000000000000000000e+00,0.000000000000000000e+00,0.000000000000000000e+00,0.000000000000000000e+00,0.000000000000000000e+00,-3.000000000000000000e+00,0.000000000000000000e+00,0.000000000000000000e+00,0.000000000000000000e+00,0.000000000000000000e+00,-3.000000000000000000e+00,0.000000000000000000e+00,6.000000000000000000e+00,9.000000000000000000e+01
3.335900000000000000e+04,5.544300000000000000e+04,7.250000000000000000e+02,3.000000000000000000e+00,3.180000000000000000e+02,2.000000000000000000e+00,2.333333333333333037e+00,1.699673171197594979e+00,2.888888888888889284e+00,-5.280049792181881196e-01,-1.500000000000000000e+00,3.476666666666667425e+02,2.823170007082267148e+02,7.970288888888889051e+04,3.827771500504404956e-01,-1.500000000000000000e+00,1.385903358459470054e-02,6.000000000000000000e+00,8.110000000000000000e+02
3.335900000000000000e+04,5.544300000000000000e+04,7.240000000000000000e+02,3.000000000000000000e+00,3.181998583674430847e+02,2.000000000000000000e+00,2.000000000000000000e+00,1.314229661587648978e+00,2.000000000000000000e+00,-7.071067811865474617e-01,-1.500000000000000000e+00,3.473333333333332575e+02,2.818715231369700973e+02,7.945155555555554747e+04,3.818017741606065107e-01,-1.499999999999999556e+00,8.438110351562500000e-03,6.000000000000000000e+00,8.110000000000000000e+02
4.295100000000000000e+04,4.430000000000000000e+02,0.000000000000000000e+00,1.000000000000000000e+00,3.100000000000000000e+01,5.000000000000000000e+00,0.000000000000000000e+00,0.000000000000000000e+00,0.000000000000000000e+00,0.000000000000000000e+00,-3.000000000000000000e+00,3.100000000000000000e+01,0.000000000000000000e+00,0.000000000000000000e+00,0.000000000000000000e+00,-3.000000000000000000e+00,2.534508705139160156e-02,6.000000000000000000e+00,1.140000000000000000e+02
3.450300000000000000e+04,4.430000000000000000e+02,0.000000000000000000e+00,1.000000000000000000e+00,5.400000000000000000e+01,1.000000000000000000e+00,0.000000000000000000e+00,0.000000000000000000e+00,0.000000000000000000e+00,0.000000000000000000e+00,-3.000000000000000000e+00,5.400000000000000000e+01,0.000000000000000000e+00,0.000000000000000000e+00,0.000000000000000000e+00,-3.000000000000000000e+00,4.110097885131829692e-02,6.000000000000000000e+00,7.000000000000000000e+00
4.134800000000000000e+04,4.430000000000000000e+02,0.000000000000000000e+00,0.000000000000000000e+00,0.000000000000000000e+00,2.000000000000000000e+00,0.000000000000000000e+00,0.000000000000000000e+00,0.000000000000000000e+00,0.000000000000000000e+00,-3.000000000000000000e+00,0.000000000000000000e+00,0.000000000000000000e+00,0.000000000000000000e+00,0.000000000000000000e+00,-3.000000000000000000e+00,8.797645568847656250e-05,6.000000000000000000e+00,9.000000000000000000e+01
4.957600000000000000e+04,5.544300000000000000e+04,7.250000000000000000e+02,3.000000000000000000e+00,3.180000000000000000e+02,3.000000000000000000e+00,7.486666666666665151e+02,1.053122763762874911e+03,1.109067555555555504e+06,7.070761780106529226e-01,-1.499999999999999778e+00,3.476666666666667425e+02,2.823170007082267148e+02,7.970288888888889051e+04,3.827771500504404956e-01,-1.500000000000000000e+00,2.247840881347655806e+00,6.000000000000000000e+00,8.110000000000000000e+02
4.957600000000000000e+04,5.544300000000000000e+04,7.240000000000000000e+02,3.000000000000000000e+00,3.180000000000000000e+02,2.000000000000000000e+00,5.000000000000000000e+00,3.741657386773940885e+00,1.400000000000000000e+01,-3.818017741606062887e-01,-1.500000000000000000e+00,3.473333333333332575e+02,2.818715231369700973e+02,7.945155555555554747e+04,3.818017741606065107e-01,-1.499999999999999556e+00,1.650500297546380127e-02,6.000000000000000000e+00,8.110000000000000000e+02
5.353000000000000000e+03,5.353000000000000000e+03,0.000000000000000000e+00,0.000000000000000000e+00,1.116000000000000000e+03,3.000000000000000000e+00,0.000000000000000000e+00,0.000000000000000000e+00,0.000000000000000000e+00,0.000000000000000000e+00,-3.000000000000000000e+00,3.720000000000000000e+02,0.000000000000000000e+00,0.000000000000000000e+00,0.000000000000000000e+00,-3.000000000000000000e+00,8.702278137207031250e-05,1.700000000000000000e+01,8.110000000000000000e+02
0.000000000000000000e+00,0.000000000000000000e+00,5.040000000000000000e+02,9.000000000000000000e+00,2.800000000000000000e+02,5.000000000000000000e+00,3.906214285714285779e+03,5.290973906820279808e+03,2.799440488265305385e+07,6.555999277406734382e-01,-1.488677393948737215e+00,5.600000000000000000e+01,0.000000000000000000e+00,0.000000000000000000e+00,0.000000000000000000e+00,-3.000000000000000000e+00,5.468978095054625754e+01,1.000000000000000000e+00,0.000000000000000000e+00
1.230000000000000000e+02,1.230000000000000000e+02,4.800000000000000000e+01,1.000000000000000000e+00,0.000000000000000000e+00,0.000000000000000000e+00,0.000000000000000000e+00,0.000000000000000000e+00,0.000000000000000000e+00,0.000000000000000000e+00,-3.000000000000000000e+00,4.800000000000000000e+01,0.000000000000000000e+00,0.000000000000000000e+00,0.000000000000000000e+00,-3.000000000000000000e+00,0.000000000000000000e+00,1.700000000000000000e+01,1.000000000000000000e+00
4.958200000000000000e+04,5.544300000000000000e+04,7.250000000000000000e+02,3.000000000000000000e+00,3.180000000000000000e+02,3.000000000000000000e+00,4.630000000000000000e+02,6.477226772830073287e+02,4.195446666666667443e+05,7.069803771705412965e-01,-1.500000000000000222e+00,3.476666666666667425e+02,2.823170007082267148e+02,7.970288888888889051e+04,3.827771500504404956e-01,-1.500000000000000000e+00,1.390864849090576172e+00,6.000000000000000000e+00,8.110000000000000000e+02
5.619200000000000000e+04,4.430000000000000000e+02,4.600000000000000000e+01,1.000000000000000000e+00,4.600000000000000000e+01,3.000000000000000000e+00,1.000000000000000000e+00,1.000000000000000000e+00,1.000000000000000000e+00,0.000000000000000000e+00,-2.000000000000000000e+00,4.600000000000000000e+01,0.000000000000000000e+00,0.000000000000000000e+00,0.000000000000000000e+00,-3.000000000000000000e+00,1.446986198425290020e-02,6.000000000000000000e+00,9.000000000000000000e+01
5.697800000000000000e+04,5.228000000000000000e+03,0.000000000000000000e+00,1.000000000000000000e+00,0.000000000000000000e+00,2.000000000000000000e+00,0.000000000000000000e+00,0.000000000000000000e+00,0.000000000000000000e+00,0.000000000000000000e+00,-3.000000000000000000e+00,0.000000000000000000e+00,0.000000000000000000e+00,0.000000000000000000e+00,0.000000000000000000e+00,-3.000000000000000000e+00,7.411003112792900228e-03,6.000000000000000000e+00,7.000000000000000000e+00
5.544400000000000000e+04,5.544400000000000000e+04,1.600000000000000000e+03,2.000000000000000000e+02,3.200000000000000000e+03,2.000000000000000000e+02,4.925000000000000000e+01,2.987982053158953590e+02,8.928036749999999302e+04,9.786209592318490635e+00,9.418816149670223581e+01,1.200000000000000000e+01,4.000000000000000000e+00,1.600000000000000000e+01,0.000000000000000000e+00,-2.000000000000000000e+00,2.897950291633605957e+01,1.700000000000000000e+01,8.110000000000000000e+02
3.747200000000000000e+04,5.300000000000000000e+01,3.200000000000000000e+01,1.000000000000000000e+00,5.920000000000000000e+02,2.000000000000000000e+00,1.431655765000000000e+09,2.024666998805521250e+09,4.099276456052158976e+18,7.071067811865474617e-01,-1.500000000000000000e+00,2.080000000000000000e+02,1.244507934888323604e+02,1.548800000000000000e+04,-7.071067811865475727e-01,-1.500000000000000000e+00,-1.287937164306600076e-03,1.700000000000000000e+01,0.000000000000000000e+00
3.335800000000000000e+04,5.544300000000000000e+04,7.240000000000000000e+02,3.000000000000000000e+00,3.180000000000000000e+02,2.000000000000000000e+00,8.666666666666666075e+00,6.342099196813482109e+00,4.022222222222222143e+01,-5.020675274544659228e-01,-1.500000000000000000e+00,3.473333333333332575e+02,2.818715231369700973e+02,7.945155555555554747e+04,2.818017726704903914e-01,-1.499999999999999556e+00,4.352998733520500180e-02,6.000000000000000000e+00,8.110000000000000000e+02
4.958200000000000000e+04,5.544300000000000000e+04,7.250000000000000000e+02,3.000000000000000000e+00,3.180000000000000000e+02,3.000000000000000000e+00,8.486666666666665151e+02,1.193131826562160086e+03,1.423563555555555504e+06,7.070695276690105446e-01,-1.499999999999999778e+00,3.476666666666667425e+02,2.823170007082267148e+02,7.970288888888889051e+04,3.827771500504404956e-01,-1.500000000000000000e+00,2.547952890396118164e+00,6.000000000000000000e+00,8.110000000000000000e+02
6.012900000000000000e+04,5.544300000000000000e+04,7.240000000000000000e+02,3.000000000000000000e+00,3.180000000000000000e+02,2.000000000000000000e+00,3.666666666666666519e+00,2.867441755680876003e+00,8.222222222222221433e+00,-1.728005440786500868e-01,-1.499999999999999778e+00,3.473333333333332575e+02,2.818715231369700973e+02,7.945155555555554747e+04,3.818017741606065107e-01,-1.499999999999999556e+00,-8.524741977453231812e-02,6.000000000000000000e+00,8.110000000000000000e+02
4.957800000000000000e+04,4.430000000000000000e+02,0.000000000000000000e+00,1.000000000000000000e+00,0.000000000000000000e+00,2.000000000000000000e+00,0.000000000000000000e+00,0.000000000000000000e+00,0.000000000000000000e+00,0.000000000000000000e+00,-3.000000000000000000e+00,0.000000000000000000e+00,0.000000000000000000e+00,0.000000000000000000e+00,0.000000000000000000e+00,-3.000000000000000000e+00,1.619815826416000012e-03,6.000000000000000000e+00,8.000000000000000000e+00
5.903700000000000000e+04,4.430000000000000000e+02,0.000000000000000000e+00,1.000000000000000000e+00,5.400000000000000000e+01,1.000000000000000000e+00,0.000000000000000000e+00,0.000000000000000000e+00,0.000000000000000000e+00,0.000000000000000000e+00,-3.000000000000000000e+00,5.400000000000000000e+01,0.000000000000000000e+00,0.000000000000000000e+00,0.000000000000000000e+00,-3.000000000000000000e+00,1.048088073730400012e-03,6.000000000000000000e+00,7.000000000000000000e+00
4.958200000000000000e+04,5.544300000000000000e+04,7.250000000000000000e+02,3.000000000000000000e+00,3.180000000000000000e+02,2.000000000000000000e+00,1.470000000000000000e+02,2.008598184472610342e+02,4.034466666666665697e+04,7.057925088520065060e-01,-1.499999999999999778e+00,3.476666666666667425e+02,2.823170007082267148e+02,7.970288888888889051e+04,3.827771500504404956e-01,-1.500000000000000000e+00,4.430890083312987726e-01,6.000000000000000000e+00,8.110000000000000000e+02
4.082500000000000000e+04,4.430000000000000000e+02,0.000000000000000000e+00,1.000000000000000000e+00,0.000000000000000000e+00,2.000000000000000000e+00,0.000000000000000000e+00,0.000000000000000000e+00,0.000000000000000000e+00,0.000000000000000000e+00,-3.000000000000000000e+00,0.000000000000000000e+00,0.000000000000000000e+00,0.000000000000000000e+00,0.000000000000000000e+00,-3.000000000000000000e+00,1.023257076740264060e-01,6.000000000000000000e+00,7.000000000000000000e+00
5.353000000000000000e+03,5.353000000000000000e+03,6.633000000000000000e+03,2.400000000000000000e+01,0.000000000000000000e+00,0.000000000000000000e+00,6.561666666666666288e+02,1.767100489188118900e+03,3.122644138888888061e+06,3.261201801194049565e+00,1.003497774412164745e+01,2.763750000000000000e+02,1.234513441603614439e+02,1.524023437500000000e+04,-5.163977794943223065e-01,-1.733333333333333393e+00,1.575291705131530762e+01,1.700000000000000000e+01,0.000000000000000000e+00
3.335900000000000000e+04,5.544300000000000000e+04,7.250000000000000000e+02,3.000000000000000000e+00,3.180000000000000000e+02,2.000000000000000000e+00,3.666666666666666519e+00,2.624669291337270227e+00,6.888888888888888395e+00,-6.309038567106234341e-01,-1.500000000000000444e+00,3.476666666666667425e+02,2.823170007082267148e+02,7.970288888888889051e+04,3.827771500504404956e-01,-1.500000000000000000e+00,1.403307914733879953e-02,6.000000000000000000e+00,8.110000000000000000e+02
5.677200000000000000e+04,4.430000000000000000e+02,3.119000000000000000e+03,1.100000000000000000e+01,5.502000000000000000e+03,1.400000000000000000e+01,1.369999999999999929e+01,1.508674915281618922e+01,2.276100000000000136e+02,1.258563826755414228e+00,1.006888452111995846e+00,8.621000000000000227e+02,5.808506606693324557e+02,3.373874900000000489e+05,-1.802663332071509084e-01,-1.751754993041471753e+00,1.586248874664306086e-01,6.000000000000000000e+00,2.400000000000000000e+01
5.544300000000000000e+04,5.461400000000000000e+04,2.470000000000000000e+02,2.000000000000000000e+00,0.000000000000000000e+00,4.000000000000000000e+00,0.000000000000000000e+00,0.000000000000000000e+00,0.000000000000000000e+00,0.000000000000000000e+00,-3.000000000000000000e+00,1.235000000000000000e+02,1.550000000000000000e+01,2.402500000000000000e+02,0.000000000000000000e+00,-2.000000000000000000e+00,9.516493529081344604e-01,6.000000000000000000e+00,8.110000000000000000e+02
1.076000000000000000e+03,8.000000000000000000e+01,2.470000000000000000e+02,6.000000000000000000e+00,5.490000000000000000e+02,7.000000000000000000e+00,2.750000000000000000e+01,5.500000000000000000e+00,3.025000000000000000e+01,0.000000000000000000e+00,-2.000000000000000000e+00,3.980000000000000000e+02,1.510000000000000000e+02,2.280100000000000000e+04,0.000000000000000000e+00,-2.000000000000000000e+00,1.431179046630859097e-01,6.000000000000000000e+00,1.730000000000000000e+02
2.869600000000000000e+04,5.300000000000000000e+01,4.300000000000000000e+01,1.000000000000000000e+00,1.600000000000000000e+02,2.000000000000000000e+00,1.431655765000000000e+09,2.024666998098415136e+09,4.099276453188848128e+18,7.071067811865474617e-01,-1.500000000000000000e+00,6.766666666666667140e+01,1.744196726926817220e+01,3.042222222222222285e+02,-7.071067811865483499e-01,-1.499999999999999112e+00,9.734622389078147198e-02,1.700000000000000000e+01,0.000000000000000000e+00
4.290500000000000000e+04,8.000000000000000000e+01,0.000000000000000000e+00,1.000000000000000000e+00,0.000000000000000000e+00,2.000000000000000000e+00,0.000000000000000000e+00,0.000000000000000000e+00,0.000000000000000000e+00,0.000000000000000000e+00,-3.000000000000000000e+00,0.000000000000000000e+00,0.000000000000000000e+00,0.000000000000000000e+00,0.000000000000000000e+00,-3.000000000000000000e+00,0.000000000000000000e+00,6.000000000000000000e+00,9.000000000000000000e+01
