4.407400000000000000e+04,5.300000000000000000e+01,4.100000000000000000e+01,1.000000000000000000e+00,9.420000000000000000e+02,3.000000000000000000e+00,1.073741823750000000e+09,1.859775392369316339e+09,3.458764510062444544e+18,1.154700538379251684e+00,-6.666666666666665186e-01,2.457500000000000000e+02,1.182124676165758643e+02,1.397418750000000000e+04,-1.154700538379251684e+00,-6.666666666666665186e-01,-1.386165618896400024e-03,1.689999999850988388e+01,0.000000000000000000e+00
4.214200000000000000e+04,8.000000000000000000e+01,0.000000000000000000e+00,1.000000000000000000e+00,0.000000000000000000e+00,3.000000000000000000e+00,0.000000000000000000e+00,0.000000000000000000e+00,0.000000000000000000e+00,0.000000000000000000e+00,-3.000000000000000000e+00,0.000000000000000000e+00,0.000000000000000000e+00,0.000000000000000000e+00,0.000000000000000000e+00,-3.000000000000000000e+00,9.999977052211761475e-02,6.000000000000000000e+00,9.000000000000000000e+01
6.087400000000000000e+04,5.544300000000000000e+04,5.860000000000000000e+02,3.000000000000000000e+00,2.530000000000000000e+02,2.000000000000000000e+00,4.000000000000000000e+00,4.320493798938573882e+00,1.866666666666666785e+01,5.951700641394972457e-01,-1.500000000000000444e+00,2.796666666666666856e+02,2.263630319248755995e+02,5.124022222222221899e+04,3.498620349886986669e-01,-1.500000000000000000e+00,1.293802261352530042e-02,6.000000000000000000e+00,8.110000000000000000e+02
4.331200000000000000e+04,5.544300000000000000e+04,7.250000000000000000e+02,3.000000000000000000e+00,3.160000000000000000e+02,2.000000000000000000e+00,6.666666666666667851e+00,4.988876515698588143e+00,2.488888888888888928e+01,-3.818017741606065107e-01,-1.499999999999999556e+00,3.470000000000000000e+02,2.824971976262183944e+02,7.980466666666668607e+04,3.886033934140470936e-01,-1.500000000000000222e+00,2.164697647094719971e-02,6.000000000000000000e+00,8.110000000000000000e+02
3.409000000000000000e+04,5.223000000000000000e+03,5.000000000000000000e+01,2.000000000000000000e+00,4.600000000000000000e+01,1.000000000000000000e+00,1.175000000000000000e+02,1.175000000000000000e+02,1.380625000000000000e+04,0.000000000000000000e+00,-2.000000000000000000e+00,4.800000000000000000e+01,2.000000000000000000e+00,4.000000000000000000e+00,0.000000000000000000e+00,-2.000000000000000000e+00,2.366549968719481867e-01,6.000000000000000000e+00,0.000000000000000000e+00
0.000000000000000000e+00,0.000000000000000000e+00,1.120000000000000000e+02,2.000000000000000000e+00,3.360000000000000000e+02,6.000000000000000000e+00,1.296250000000000000e+02,3.429555136967476301e+02,1.176184843750000000e+05,2.267786838055363408e+00,3.142857142857143238e+00,5.600000000000000000e+01,0.000000000000000000e+00,0.000000000000000000e+00,0.000000000000000000e+00,-3.000000000000000000e+00,1.038487911224365234e+00,1.000000000000000000e+00,0.000000000000000000e+00
4.915400000000000000e+04,6.666000000000000000e+03,1.056000000000000000e+04,6.000000000000000000e+01,0.000000000000000000e+00,0.000000000000000000e+00,5.997400000000000091e+02,1.199159735981824952e+03,1.437984072400000412e+06,1.500185438985782715e+00,2.508666158967520765e-01,1.760000000000000000e+02,0.000000000000000000e+00,0.000000000000000000e+00,0.000000000000000000e+00,-3.000000000000000000e+00,3.600010108947753906e+01,1.700000000000000000e+01,0.000000000000000000e+00
5.175200000000000000e+04,5.300000000000000000e+01,4.100000000000000000e+01,1.000000000000000000e+00,1.230000000000000000e+03,3.000000000000000000e+00,1.073741823750000000e+09,1.859775392369316339e+09,3.458764510062444544e+18,1.154700538379251684e+00,-6.666666666666665186e-01,3.177500000000000000e+02,1.597816869982289063e+02,2.553018750000000000e+04,-1.154700538379251684e+00,-6.666666666666665186e-01,-1.527070999145500006e-03,1.700000000000000000e+01,0.000000000000000000e+00
5.713000000000000000e+04,8.000000000000000000e+01,1.847000000000000000e+03,6.000000000000000000e+00,7.910000000000000000e+02,1.600000000000000000e+01,1.300000000000000000e+01,2.828427124746190291e+00,8.000000000000000000e+00,7.071067811865474617e-01,-1.500000000000000000e+00,8.793333333333334849e+02,3.361272907033220463e+02,1.129815555555555620e+05,3.760464894903253197e-01,-1.500000000000000000e+00,4.304385185241690198e-02,6.000000000000000000e+00,2.110000000000000000e+02
5.078200000000000000e+04,8.000000000000000000e+01,1.380000000000000000e+02,3.000000000000000000e+00,8.300000000000000000e+01,4.000000000000000000e+00,7.490000000000000000e+03,7.488000000000000000e+03,5.607014400000000000e+07,0.000000000000000000e+00,-2.000000000000000000e+00,1.105000000000000000e+02,2.750000000000000000e+01,7.562500000000000000e+02,0.000000000000000000e+00,-2.000000000000000000e+00,1.498312902450561523e+01,6.000000000000000000e+00,2.400000000000000000e+02
0.000000000000000000e+00,0.000000000000000000e+00,1.120000000000000000e+02,2.000000000000000000e+00,3.360000000000000000e+02,6.000000000000000000e+00,1.277500000000000000e+02,3.379947299885014331e+02,1.142404375000000000e+05,2.267786838055363408e+00,3.142857142857143238e+00,5.600000000000000000e+01,0.000000000000000000e+00,0.000000000000000000e+00,0.000000000000000000e+00,-3.000000000000000000e+00,1.023438930511474609e+00,1.000000000000000000e+00,0.000000000000000000e+00
4.715700000000000000e+04,1.560000000000000000e+04,3.500000000000000000e+01,1.000000000000000000e+00,0.000000000000000000e+00,0.000000000000000000e+00,0.000000000000000000e+00,0.000000000000000000e+00,0.000000000000000000e+00,0.000000000000000000e+00,-3.000000000000000000e+00,3.500000000000000000e+01,0.000000000000000000e+00,0.000000000000000000e+00,0.000000000000000000e+00,-3.000000000000000000e+00,9.994136542081832886e-02,1.700000000000000000e+01,0.000000000000000000e+00
5.544400000000000000e+04,5.544400000000000000e+04,3.984000000000000000e+03,2.490000000000000000e+02,1.992000000000000000e+03,2.490000000000000000e+02,5.984000000000000341e+01,2.822187181940125242e+02,7.959097440000000643e+04,6.589495086851000494e+00,4.442893192431647265e+01,1.200000000000000000e+01,4.000000000000000000e+00,1.600000000000000000e+01,0.000000000000000000e+00,-2.000000000000000000e+00,3.053289511799811962e+01,1.700000000000000000e+01,8.110000000000000000e+02
5.147000000000000000e+04,1.560000000000000000e+04,7.000000000000000000e+01,2.000000000000000000e+00,0.000000000000000000e+00,0.000000000000000000e+00,0.000000000000000000e+00,0.000000000000000000e+00,0.000000000000000000e+00,0.000000000000000000e+00,-3.000000000000000000e+00,3.500000000000000000e+01,0.000000000000000000e+00,0.000000000000000000e+00,0.000000000000000000e+00,-3.000000000000000000e+00,4.887580871582031250e-05,1.700000000000000000e+01,0.000000000000000000e+00
4.373700000000000000e+04,5.544300000000000000e+04,7.240000000000000000e+02,3.000000000000000000e+00,3.180000000000000000e+02,3.000000000000000000e+00,1.610000000000000000e+02,2.192578390844896887e+02,4.807400000000000000e+04,7.055185704051544215e-01,-1.500000000000000000e+00,3.473333333333332575e+02,2.818715231369700973e+02,7.945155555555554747e+04,3.818017741606065107e-01,-1.499999999999999556e+00,4.882111549377441961e-01,6.000000000000000000e+00,8.110000000000000000e+02
5.131000000000000000e+04,7.001000000000000000e+03,4.200000000000000000e+02,9.000000000000000000e+00,0.000000000000000000e+00,0.000000000000000000e+00,5.100000000000000000e+01,5.100000000000000000e+01,2.601000000000000000e+03,0.000000000000000000e+00,-2.000000000000000000e+00,2.100000000000000000e+02,1.800000000000000000e+01,3.240000000000000000e+02,9.952111009624786675e-02,-2.000000000000000000e+00,1.523960900306701660e+01,6.000000000000000000e+00,0.000000000000000000e+00
4.865100000000000000e+04,7.001000000000000000e+03,0.000000000000000000e+00,4.000000000000000000e+00,0.000000000000000000e+00,0.000000000000000000e+00,0.000000000000000000e+00,0.000000000000000000e+00,0.000000000000000000e+00,0.000000000000000000e+00,-3.000000000000000000e+00,0.000000000000000000e+00,0.000000000000000000e+00,0.000000000000000000e+00,0.000000000000000000e+00,-3.000000000000000000e+00,7.001629829406737393e+00,6.000000000000000000e+00,0.000000000000000000e+00
4.774700000000000000e+04,1.560000000000000000e+04,7.000000000000000000e+01,2.000000000000000000e+00,0.000000000000000000e+00,0.000000000000000000e+00,0.000000000000000000e+00,0.000000000000000000e+00,0.000000000000000000e+00,0.000000000000000000e+00,-3.000000000000000000e+00,3.500000000000000000e+01,0.000000000000000000e+00,0.000000000000000000e+00,0.000000000000000000e+00,-3.000000000000000000e+00,6.604194641113281250e-05,1.700000000000000000e+01,0.000000000000000000e+00
5.181100000000000000e+04,1.230000000000000000e+02,4.800000000000000000e+01,1.000000000000000000e+00,0.000000000000000000e+00,0.000000000000000000e+00,0.000000000000000000e+00,0.000000000000000000e+00,0.000000000000000000e+00,0.000000000000000000e+00,-3.000000000000000000e+00,4.800000000000000000e+01,0.000000000000000000e+00,0.000000000000000000e+00,0.000000000000000000e+00,-3.000000000000000000e+00,0.000000000000000000e+00,1.700000000000000000e+01,7.000000000000000000e+00
3.669100000000000000e+04,5.300000000000000000e+01,3.540000000000000000e+02,9.000000000000000000e+00,1.042500000000000000e+04,2.700000000000000000e+01,1.193046494722222239e+08,7.058158100667161942e+08,4.981759577401349120e+17,5.747048932153906442e+00,3.102857142857141071e+01,2.994166666666666856e+02,1.618412073264683215e+02,2.619257638888889051e+04,-7.622229543339095192e-01,-1.085604467721547062e+00,8.747816085815429688e-02,1.700000000000000000e+01,0.000000000000000000e+00
4.246400000000000000e+04,1.900000000000000000e+03,1.280000000000000000e+02,1.000000000000000000e+00,0.000000000000000000e+00,0.000000000000000000e+00,0.000000000000000000e+00,0.000000000000000000e+00,0.000000000000000000e+00,0.000000000000000000e+00,-3.000000000000000000e+00,1.280000000000000000e+02,0.000000000000000000e+00,0.000000000000000000e+00,0.000000000000000000e+00,-3.000000000000000000e+00,9.999986737966537476e-02,1.700000000000000000e+01,0.000000000000000000e+00
4.707500000000000000e+04,1.111000000000000000e+03,2.000000000000000000e+00,1.000000000000000000e+00,0.000000000000000000e+00,0.000000000000000000e+00,0.000000000000000000e+00,0.000000000000000000e+00,0.000000000000000000e+00,0.000000000000000000e+00,-3.000000000000000000e+00,2.000000000000000000e+00,0.000000000000000000e+00,0.000000000000000000e+00,0.000000000000000000e+00,-3.000000000000000000e+00,0.000000000000000000e+00,1.700000000000000000e+01,0.000000000000000000e+00
3.877600000000000000e+04,5.300000000000000000e+01,3.400000000000000000e+01,1.000000000000000000e+00,8.940000000000000000e+02,3.147093527019023895e+00,1.073741823750000000e+09,1.859775392369316339e+09,3.458764510062444544e+18,1.154700538379251684e+00,-6.666666666666665186e-01,2.320000000000000000e+02,1.143153532995459045e+02,1.306800000000000000e+04,-1.154700538379251684e+00,-6.666666666666665186e-01,9.862431138753896542e-02,1.700000000000000000e+01,0.000000000000000000e+00
3.731400000000000000e+04,8.000000000000000000e+01,2.260000000000000000e+02,4.000000000000000000e+00,1.100000000000000000e+02,7.000000000000000000e+00,8.350000000000000000e+01,1.500000000000000000e+00,2.250000000000000000e+00,0.000000000000000000e+00,-2.000000000000000000e+00,1.680000000000000000e+02,5.800000000000000000e+01,3.364000000000000000e+03,0.000000000000000000e+00,-2.000000000000000000e+00,1.709599494934082031e-01,6.000000000000000000e+00,8.100000000000000000e+01
4.754810000000149012e+04,5.300000000000000000e+01,3.400000000000000000e+01,1.000000000000000000e+00,8.943000000044703484e+02,3.000000000000000000e+00,1.073741823750000000e+09,1.859775392369316339e+09,3.458764510062444544e+18,1.154700538379251684e+00,-6.666666666666665186e-01,2.320000000000000000e+02,1.141153532965656723e+02,1.306800000000000000e+04,-1.554700544339716162e+00,-1.666666592160859217e-01,-1.429080963134699922e-03,1.700000000000000000e+01,0.000000000000000000e+00
3.429000000000000000e+04,5.000000000000000000e+04,3.760000000000000000e+02,1.000000000000000000e+00,0.000000000000000000e+00,0.000000000000000000e+00,0.000000000000000000e+00,0.000000000000000000e+00,0.000000000000000000e+00,0.000000000000000000e+00,-3.000000000000000000e+00,3.760000000000000000e+02,0.000000000000000000e+00,0.000000000000000000e+00,0.000000000000000000e+00,-3.000000000000000000e+00,0.000000000000000000e+00,1.700000000000000000e+01,8.110000000000000000e+02
4.418400000000000000e+04,4.430000000000000000e+02,3.300000000000000000e+01,2.000000000000000000e+00,3.100000000000000000e+01,1.000000000000000000e+00,4.000000000000000000e+01,4.000000000000000000e+01,1.600000000000000000e+03,0.000000000000000000e+00,-2.000000000000000000e+00,3.200000000000000000e+01,1.000000000000000000e+00,1.000000000000000000e+00,0.000000000000000000e+00,-2.000000000000000000e+00,8.164811134338370580e-02,6.000000000000000000e+00,6.600000000000000000e+01
2.348000000000000000e+04,3.210000000000000000e+04,0.000000000000000000e+00,0.000000000000000000e+00,1.200000000000000000e+01,1.000000000000000000e+00,0.000000000000000000e+00,0.000000000000000000e+00,0.000000000000000000e+00,0.000000000000000000e+00,-3.000000000000000000e+00,1.200000000000000000e+01,0.000000000000000000e+00,0.000000000000000000e+00,0.000000000000000000e+00,-3.000000000000000000e+00,0.000000000000000000e+00,1.700000000000000000e+01,2.130000000000000000e+02
3.591800000000000000e+04,5.544300000000000000e+04,7.240000000000000000e+02,3.000000000000000000e+00,3.160000000000000000e+02,2.000000000000000000e+00,6.333333333333332149e+00,5.792715732327589073e+00,3.355555555555555713e+01,3.330665464269756959e-01,-1.500000000000000000e+00,3.466666666666667425e+02,2.820512167832092132e+02,7.955288888888889051e+04,3.876440330751653174e-01,-1.500000000000000222e+00,2.158093452453610159e-02,6.000000000000000000e+00,8.110000000000000000e+02
3.305400000000000000e+04,8.000000000000000000e+01,0.000000000000000000e+00,1.000000000000000000e+00,0.000000000000000000e+00,3.000000000000000000e+00,0.000000000000000000e+00,0.000000000000000000e+00,0.000000000000000000e+00,0.000000000000000000e+00,-3.000000000000000000e+00,0.000000000000000000e+00,0.000000000000000000e+00,0.000000000000000000e+00,0.000000000000000000e+00,-3.000000000000000000e+00,0.000000000000000000e+00,6.000000000000000000e+00,9.000000000000000000e+01
4.311500000000000000e+04,5.544300000000000000e+04,7.230000000000000000e+02,3.000000000000000000e+00,3.150000000000000000e+02,2.000000000000000000e+00,9.333333333333333925e+00,7.760297817881877336e+00,6.022222222222222143e+01,6.435126660979610669e-02,-1.500000000000000000e+00,3.460000000000000000e+02,2.816960536938113933e+02,7.935266666666668607e+04,3.895929068156864794e-01,-1.500000000000000222e+00,3.119206428527829950e-02,6.000000000000000000e+00,8.110000000000000000e+02
3.909200000000000000e+04,4.915300000000000000e+04,6.230000000000000000e+02,5.000000000000000000e+00,4.770000000000000000e+02,4.000000000000000000e+00,4.603333332886299445e+01,5.854532906693372496e+01,3.427555555555554747e+03,6.972172018213307343e-01,-1.500000000000000222e+00,3.666666666666667425e+02,1.851887925574571909e+02,3.429488888888888323e+04,5.757260052845463161e-01,-1.500000000000000222e+00,-2.091093361377724391e-02,6.000000000000000000e+00,0.000000000000000000e+00
3.356300000000000000e+04,4.915300000000000000e+04,6.230000000000000000e+02,5.000000000000000000e+00,4.770000000000000000e+02,4.000000000000000000e+00,3.566666666666666430e+01,4.514936000469183597e+01,2.011555555555555657e+03,6.976274810790145109e-01,-1.499999999999999778e+00,3.666666666666667425e+02,1.851887925574571909e+02,3.429488888888888323e+04,5.757260052845463161e-01,-1.500000000000000222e+00,-2.257632315158844827e-01,6.000000000000000000e+00,0.000000000000000000e+00
5.545700000000000000e+04,8.000000000000000000e+01,0.000000000000000000e+00,8.000000000000000000e+00,0.000000000000000000e+00,0.000000000000000000e+00,0.000000000000000000e+00,0.000000000000000000e+00,0.000000000000000000e+00,0.000000000000000000e+00,-3.000000000000000000e+00,0.000000000000000000e+00,0.000000000000000000e+00,0.000000000000000000e+00,0.000000000000000000e+00,-3.000000000000000000e+00,1.859399294853210449e+01,6.000000000000000000e+00,2.110000000000000000e+02
5.692500000000000000e+04,4.430000000000000000e+02,9.200000000000000000e+01,4.000000000000000000e+00,1.840000000000000000e+02,1.100000000000000000e+01,1.125966666666666424e+04,1.338697930411819652e+04,1.792112148888889253e+08,5.968489736473433505e-01,-1.526643102340076164e+00,4.600000000000000000e+01,0.000000000000000000e+00,0.000000000000000000e+00,0.000000000000000000e+00,-3.000000000000000000e+00,6.756029891967772016e+01,6.000000000000000000e+00,9.000000000000000000e+01
3.239100000000000000e+04,8.080000000000000000e+03,6.160000000000000000e+02,1.050000000000000000e+02,8.190000000000000000e+02,1.080000000000000000e+02,2.852699999999999818e+02,5.509189569256080858e+02,3.035116970999999903e+05,3.081983107330492633e+00,7.534100222131521640e+00,1.338000000000000078e+01,3.841301862650213561e+00,1.475559999999999938e+01,-2.995067435199815775e-01,-8.689953593791952535e-01,3.148970007896423695e+01,6.000000000000000000e+00,3.210000000000000000e+02
4.250000000000000000e+04,1.111000000000000000e+03,2.000000000000000000e+00,1.000000000000000000e+00,0.000000000000000000e+00,0.000000000000000000e+00,0.000000000000000000e+00,0.000000000000000000e+00,0.000000000000000000e+00,0.000000000000000000e+00,-3.000000000000000000e+00,2.000000000000000000e+00,0.000000000000000000e+00,0.000000000000000000e+00,0.000000000000000000e+00,-3.000000000000000000e+00,0.000000000000000000e+00,1.700000000000000000e+01,0.000000000000000000e+00
5.283300000000000000e+04,1.560000000000000000e+04,3.500000000000000000e+01,1.000000000000000000e+00,0.000000000000000000e+00,0.000000000000000000e+00,0.000000000000000000e+00,0.000000000000000000e+00,0.000000000000000000e+00,0.000000000000000000e+00,-3.000000000000000000e+00,3.500000000000000000e+01,0.000000000000000000e+00,0.000000000000000000e+00,0.000000000000000000e+00,-3.000000000000000000e+00,9.869025647640228271e-02,1.700000000000000000e+01,0.000000000000000000e+00
3.078000000000000000e+03,4.176400000000000000e+04,1.227000000000000000e+03,3.000000000000000000e+00,0.000000000000000000e+00,0.000000000000000000e+00,0.000000000000000000e+00,0.000000000000000000e+00,0.000000000000000000e+00,0.000000000000000000e+00,-3.000000000000000000e+00,4.090000000000000000e+02,0.000000000000000000e+00,0.000000000000000000e+00,0.000000000000000000e+00,-3.000000000000000000e+00,-9.957543015480042892e-02,1.700000000000000000e+01,0.000000000000000000e+00
5.353000000000000000e+03,5.353000000000000000e+03,1.800000000000000000e+03,8.000000000000000000e+00,0.000000000000000000e+00,0.000000000000000000e+00,1.246250000000000000e+02,3.297267571414246277e+02,1.087197343750000000e+05,2.267786838055363408e+00,3.142857142857143238e+00,2.250000000000000000e+02,0.000000000000000000e+00,0.000000000000000000e+00,0.000000000000000000e+00,-3.000000000000000000e+00,9.992070198059082031e-01,1.700000000000000000e+01,0.000000000000000000e+00
3.295400000000000000e+04,5.300000000000000000e+01,3.600000000000000000e+01,1.000000000000000000e+00,8.790000000000000000e+02,3.000000000000000000e+00,1.073741823750000000e+09,1.859775391214616060e+09,3.458764505767476736e+18,1.154700538379251684e+00,-6.666666666666665186e-01,2.287500000000000000e+02,1.112842643863003644e+02,1.238418750000000000e+04,-1.154700538379251684e+00,-6.666666666666665186e-01,-3.099918365478500012e-03,1.700000000000000000e+01,0.000000000000000000e+00
5.963300000000000000e+04,5.300000000000000000e+01,3.400000000000000000e+01,1.000000000000000000e+00,8.940000000000000000e+02,3.000000000000000000e+00,1.073741823550004959e+09,1.859775392369316339e+09,3.458764510062444544e+18,1.154700538379251684e+00,-6.666666666666665186e-01,2.320000000000000000e+02,1.143153532995459045e+02,1.306800000000000000e+04,-1.154700538379251684e+00,-6.666666666666665186e-01,9.851168096065526791e-02,1.700000000000000000e+01,0.000000000000000000e+00
0.000000000000000000e+00,0.000000000000000000e+00,2.400000000000000000e+01,3.000000000000000000e+00,0.000000000000000000e+00,0.000000000000000000e+00,0.000000000000000000e+00,0.000000000000000000e+00,0.000000000000000000e+00,0.000000000000000000e+00,-3.000000000000000000e+00,8.000000000000000000e+00,0.000000000000000000e+00,0.000000000000000000e+00,0.000000000000000000e+00,-3.000000000000000000e+00,-9.953603893518452039e-02,2.000000000000000000e+00,0.000000000000000000e+00
3.528900000000000000e+04,5.544300000000000000e+04,7.230000000000000000e+02,3.000000000000000000e+00,3.130000000000000000e+02,2.000000000000000000e+00,1.300000000000000000e+01,1.699019324983287760e+01,2.886666666666666856e+02,6.997651716911896802e-01,-1.500000000000000000e+00,3.453333333333332575e+02,2.818798010184876830e+02,7.945622222222223354e+04,3.953834402299569173e-01,-1.499999999999999778e+00,4.439401626586909899e-02,6.000000000000000000e+00,8.110000000000000000e+02
2.923000000000000000e+04,3.210000000000000000e+04,2.160000000000000000e+02,2.000000000000000000e+00,4.800000000000000000e+01,6.000000000000000000e+00,3.531125000000000000e+03,9.155608027836000474e+03,8.382515835937500000e+07,2.267194127928799485e+00,3.141357588485026220e+00,3.300000000000000000e+01,4.330127018922191695e+01,1.875000000000000000e+03,1.154700538379251684e+00,-6.666666666666665186e-01,2.825144791603088734e+01,1.700000000000000000e+01,0.000000000000000000e+00
4.991400000000000000e+04,1.230000000000000000e+02,4.800000000000000000e+01,1.000000000000000000e+00,0.000000000000000000e+00,0.000000000000000000e+00,0.000000000000000000e+00,0.000000000000000000e+00,0.000000000000000000e+00,0.000000000000000000e+00,-3.000000000000000000e+00,4.800000000000000000e+01,0.000000000000000000e+00,0.000000000000000000e+00,0.000000000000000000e+00,-3.000000000000000000e+00,0.000000000000000000e+00,1.700000000000000000e+01,7.000000000000000000e+00
5.804900000000000000e+04,5.223000000000000000e+03,5.000000000000000000e+01,2.000000000000000000e+00,4.600000000000000000e+01,1.000000000000000000e+00,1.210000000000000000e+02,1.210000000000000000e+02,1.464100000000000000e+04,0.000000000000000000e+00,-2.000000000000000000e+00,4.800000000000000000e+01,2.000000000000000000e+00,4.000000000000000000e+00,0.000000000000000000e+00,-2.000000000000000000e+00,-4.847989231348040495e-02,6.000000000000000000e+00,0.000000000000000000e+00
6.087400000000000000e+04,4.430000000000000000e+02,1.060000000000000000e+02,8.000000000000000000e+00,6.800000000000000000e+01,1.800000000000000000e+01,1.197439999999999964e+04,1.464185131190724860e+04,2.143838098400000036e+08,4.083913362697212945e-01,-1.833015656067170429e+00,3.479999999999999716e+01,1.600000000000000089e+00,2.560000000000000053e+00,1.500000000000005551e+00,2.500000000000123790e-01,5.993854784965515137e+01,6.000000000000000000e+00,5.100000000000000000e+01
1.038500000000000000e+04,5.300000000000000000e+01,2.800000000000000000e+01,1.000000000000000000e+00,2.940000000000000000e+02,3.000000000000000000e+00,1.073741823750000000e+09,1.859775392369316339e+09,3.458764510062444544e+18,1.154700538379251684e+00,-6.666666666666665186e-01,8.050000000000000000e+01,3.031088913245535466e+01,9.187500000000000000e+02,-1.154700538379251684e+00,-6.666666666666665186e-01,-1.303195953369100076e-03,1.700000000000000000e+01,0.000000000000000000e+00
3.557000000000000000e+04,5.300000000000000000e+01,3.800000000000000000e+01,1.000000000000000000e+00,1.221000000000000000e+03,3.000000000000000000e+00,1.073741823750000000e+09,1.859775386018464088e+09,3.458764486440124416e+18,1.154700538379251684e+00,-6.666666666666665186e-01,3.147500000000000000e+02,1.597816869982289063e+02,2.553018750000000000e+04,-1.154700538379251684e+00,-6.666666666666665186e-01,-1.268720626831050004e-02,1.700000000000000000e+01,0.000000000000000000e+00
5.786300000000000000e+04,5.300000000000000000e+01,3.400000000000000000e+01,1.000000000000000000e+00,8.940000000000000000e+02,3.000000000000000000e+00,1.073741823750000000e+09,1.859775392369316339e+09,3.458764510062444544e+18,1.154700538379251684e+00,-6.666666666666665186e-01,2.320000000000000000e+02,1.143153532995459045e+02,1.306800000000000000e+04,-1.154700538379251684e+00,-6.666666666666665186e-01,9.898057579994208599e-02,1.700000000000000000e+01,0.000000000000000000e+00
4.489200000000000000e+04,5.300000000000000000e+01,3.200000000000000000e+01,1.000000000000000000e+00,8.880000000000000000e+02,3.000000000000000000e+00,1.073741823750000000e+09,1.859775392369316339e+09,3.458764510062444544e+18,1.154700538379251684e+00,-6.666666666666665186e-01,2.300000000000000000e+02,1.143153532995459045e+02,1.306800000000000000e+04,-1.154700538379251684e+00,-6.666666666666665186e-01,9.838169813156129317e-02,1.700000000000000000e+01,0.000000000000000000e+00
1.099200000000000000e+04,5.300000000000000000e+01,4.400000000000000000e+01,1.000000000000000000e+00,8.460000000000000000e+02,3.000000000000000000e+00,1.073741823750000000e+09,1.859775384286412477e+09,3.458764479997672960e+18,1.154700538379251684e+00,-6.666666666666660745e-01,2.225000000000000000e+02,1.030570230503482065e+02,1.062075000000000000e+04,-1.154700538379251684e+00,-6.666666666666665186e-01,8.417185395956042204e-02,1.700000000000000000e+01,0.000000000000000000e+00
3.536600000000000000e+04,1.230000000000000000e+02,4.800000000000000000e+01,1.000000000000000000e+00,0.000000000000000000e+00,0.000000000000000000e+00,0.000000000000000000e+00,0.000000000000000000e+00,0.000000000000000000e+00,0.000000000000000000e+00,-3.000000000000000000e+00,4.800000000000000000e+01,0.000000000000000000e+00,0.000000000000000000e+00,0.000000000000000000e+00,-3.000000000000000000e+00,0.000000000000000000e+00,1.700000000000000000e+01,7.000000000000000000e+00
3.000000000000000000e+04,5.671000000000000000e+03,6.900000000000000000e+01,3.000000000000000000e+00,1.540000000000000000e+02,4.000000000000000000e+00,3.998333333333333576e+04,4.637708366088674666e+04,2.150833888888888836e+09,6.523971779884097932e-01,-1.500000000000000000e+00,7.433333333333332860e+01,7.542472332656507739e+00,5.688888888888889284e+01,7.071067811865495711e-01,-1.499999999999998224e+00,1.200826609134673930e+02,6.000000000000000000e+00,1.370000000000000000e+02
3.606500000000000000e+04,8.000000000000000000e+01,0.000000000000000000e+00,1.000000000000000000e+00,0.000000000000000000e+00,3.000000000000000000e+00,0.000000000000000000e+00,4.000000059604644775e-01,0.000000000000000000e+00,0.000000000000000000e+00,-3.000000000000000000e+00,0.000000000000000000e+00,0.000000000000000000e+00,0.000000000000000000e+00,0.000000000000000000e+00,-3.000000000000000000e+00,1.000000014901161194e-01,6.000000000000000000e+00,9.000000000000000000e+01
3.741200000000000000e+04,1.230000000000000000e+02,4.800000000000000000e+01,1.000000000000000000e+00,0.000000000000000000e+00,0.000000000000000000e+00,0.000000000000000000e+00,0.000000000000000000e+00,0.000000000000000000e+00,0.000000000000000000e+00,-3.000000000000000000e+00,4.800000000000000000e+01,0.000000000000000000e+00,0.000000000000000000e+00,0.000000000000000000e+00,-3.000000000000000000e+00,0.000000000000000000e+00,1.700000000000000000e+01,7.000000000000000000e+00
4.915400000000000000e+04,6.666000000000000000e+03,1.073600000000000000e+04,6.100000000000000000e+01,0.000000000000000000e+00,0.000000000000000000e+00,5.995800000000000409e+02,1.199175017918568983e+03,1.438020723600000376e+06,1.500094013998081843e+00,2.504390376605586943e-01,1.760000000000000000e+02,0.000000000000000000e+00,0.000000000000000000e+00,0.000000000000000000e+00,-3.000000000000000000e+00,3.599924492835998535e+01,1.700000000000000000e+01,0.000000000000000000e+00
3.132500000000000000e+04,8.080000000000000000e+03,6.300000000000000000e+02,9.200000000000000000e+01,8.300000000000000000e+02,1.090000000000000000e+02,2.884399999999999977e+02,5.515768182220858762e+02,3.042369863999999943e+05,3.076022222391564753e+00,7.511564588158576861e+00,1.340000000000000036e+01,3.823610858861032025e+00,1.461999999999999567e+01,-3.067555407662098110e-01,-8.387457168468492874e-01,3.212705898284912109e+01,6.000000000000000000e+00,3.210000000000000000e+02
4.648200000000000000e+04,1.560000000000000000e+04,7.000000000000000000e+01,2.000000000000000000e+00,0.000000000000000000e+00,0.000000000000000000e+00,0.000000000000000000e+00,0.000000000000000000e+00,0.000000000000000000e+00,0.000000000000000000e+00,-3.000000000000000000e+00,3.500000000000000000e+01,0.000000000000000000e+00,0.000000000000000000e+00,0.000000000000000000e+00,-3.000000000000000000e+00,2.789497375488280911e-05,1.700000000000000000e+01,0.000000000000000000e+00
6.392800000000000000e+04,8.883000000000000000e+03,3.100000000000000000e+01,3.000000000000000000e+00,3.100000000000000000e+01,1.000000000000000000e+00,3.004050000000000000e+04,2.996450000000000000e+04,8.978712602500000000e+08,0.000000000000000000e+00,-2.000000000000000000e+00,3.100000000000000000e+01,0.000000000000000000e+00,0.000000000000000000e+00,0.000000000000000000e+00,-3.000000000000000000e+00,6.026041197776793723e+01,6.000000000000000000e+00,2.110000000000000000e+02
3.658600000000000000e+04,1.230000000000000000e+02,1.920000000000000000e+02,4.000000000000000000e+00,0.000000000000000000e+00,0.000000000000000000e+00,1.499250000000000000e+03,8.655923910825464418e+02,7.492501875000000000e+05,-1.154700538379251684e+00,-6.666666666666665186e-01,4.800000000000000000e+01,0.000000000000000000e+00,0.000000000000000000e+00,0.000000000000000000e+00,-3.000000000000000000e+00,6.099351972341538364e+00,1.700000000000000000e+01,0.000000000000000000e+00
3.575900000000000000e+04,1.560000000000000000e+04,7.000000000000000000e+01,2.000000000000000000e+00,0.000000000000000000e+00,0.000000000000000000e+00,0.000000000000000000e+00,0.000000000000000000e+00,0.000000000000000000e+00,0.000000000000000000e+00,-3.000000000000000000e+00,3.500000000000000000e+01,0.000000000000000000e+00,0.000000000000000000e+00,0.000000000000000000e+00,-3.000000000000000000e+00,8.106231689453125000e-05,1.700000000000000000e+01,0.000000000000000000e+00
5.532500000000000000e+04,5.544300000000000000e+04,7.260000000000000000e+02,3.000000000000000000e+00,3.170000000000000000e+02,2.000000000000000000e+00,3.333333333333333037e+00,2.867441755680876003e+00,8.222222222222221433e+00,1.728005440786500868e-01,-1.500000000000000222e+00,3.476666666666667425e+02,2.828525332316391996e+02,8.000555555555554747e+04,2.866595458630672444e-01,-1.499999999999999778e+00,1.297688484191890021e-02,6.000000000000000000e+00,8.110000000000000000e+02
5.648600000000000000e+04,5.334806414321064949e+01,3.400000000000000000e+01,1.174295911565423012e+00,8.940000000000000000e+02,3.000000000000000000e+00,1.073741823750000000e+09,1.859775392369316339e+09,3.458764510062444544e+18,1.154700538379251684e+00,-6.666666666666665186e-01,2.320000000000000000e+02,1.143153532995459045e+02,1.306800000000000000e+04,-1.154700538379251684e+00,-6.666666666666665186e-01,9.845157712697989727e-02,1.700000000000000000e+01,0.000000000000000000e+00
3.722200000000000000e+04,1.560000000000000000e+04,7.000000000000000000e+01,2.000000000000000000e+00,0.000000000000000000e+00,0.000000000000000000e+00,0.000000000000000000e+00,0.000000000000000000e+00,0.000000000000000000e+00,0.000000000000000000e+00,-3.000000000000000000e+00,3.500000000000000000e+01,0.000000000000000000e+00,0.000000000000000000e+00,0.000000000000000000e+00,-3.000000000000000000e+00,8.606910705566406250e-05,1.700000000000000000e+01,0.000000000000000000e+00
9.999000000000000000e+03,9.999000000000000000e+03,6.000000000000000000e+02,1.000000000000000000e+00,0.000000000000000000e+00,0.000000000000000000e+00,0.000000000000000000e+00,0.000000000000000000e+00,0.000000000000000000e+00,0.000000000000000000e+00,-3.000000000000000000e+00,6.000000000000000000e+02,0.000000000000000000e+00,0.000000000000000000e+00,0.000000000000000000e+00,-3.000000000000000000e+00,0.000000000000000000e+00,1.700000000000000000e+01,8.110000000000000000e+02
5.027100000000000000e+04,1.230000000000000000e+02,4.800000000000000000e+01,1.000000000000000000e+00,1.440000000000000000e+02,3.000000000000000000e+00,1.975000000000000000e+01,3.420800344948532512e+01,1.170187500000000000e+03,1.154700538379251684e+00,-6.666666666666665186e-01,4.800000000000000000e+01,0.000000000000000000e+00,0.000000000000000000e+00,0.000000000000000000e+00,-3.000000000000000000e+00,-1.990556716918953639e-02,1.700000000000000000e+01,9.000000000000000000e+01
5.581400000000000000e+04,4.430000000000000000e+02,4.900000000000000000e+01,2.000000000000000000e+00,5.500000000000000000e+01,1.000000000000000000e+00,6.000000000000000000e+00,6.000000000000000000e+00,3.600000000000000000e+01,0.000000000000000000e+00,-2.000000000000000000e+00,5.200000000000000000e+01,3.000000000000000000e+00,9.000000000000000000e+00,9.940826892852783203e-02,-2.000000000000000000e+00,1.281785964965819966e-02,6.000000000000000000e+00,2.060000000000000000e+02
5.979300000000000000e+04,4.430000000000000000e+02,3.300000000000000000e+01,2.000000000000000000e+00,3.100000000000000000e+01,1.000000000000000000e+00,3.950000000000000000e+01,3.950000000000000000e+01,1.560250000000000000e+03,0.000000000000000000e+00,-2.000000000000000000e+00,3.200000000000000000e+01,1.000000000000000000e+00,1.000000000000000000e+00,0.000000000000000000e+00,-2.000000000000000000e+00,8.038520812988279862e-02,6.000000000000000000e+00,6.600000000000000000e+01
5.161200000000000000e+04,1.230000000000000000e+02,1.920000000000000000e+02,4.000000000000000000e+00,0.000000000000000000e+00,0.000000000000000000e+00,1.499250000000000000e+03,8.655923910825464418e+02,7.492501875000000000e+05,-1.154700538379251684e+00,-6.666666666666665186e-01,4.800000000000000000e+01,0.000000000000000000e+00,0.000000000000000000e+00,0.000000000000000000e+00,-3.000000000000000000e+00,6.098666615784168243e+00,1.700000000000000000e+01,0.000000000000000000e+00
4.311500000000000000e+04,5.544300000000000000e+04,7.210000000000000000e+02,3.000000000000000000e+00,3.140000000000000000e+02,2.000000000000000000e+00,9.533333333333331439e+01,1.299033829000957780e+02,1.687488888888889051e+04,6.055671586806801177e-01,-1.499999999999999778e+00,3.450000000000000000e+02,2.811949981799451734e+02,7.890200000000000000e+04,-9.413075104657164793e-03,-1.500000000000000000e+00,2.885608673095703125e-01,6.000000000000000000e+00,8.110000000000000000e+02
6.800000000000000000e+01,6.700000000000000000e+01,3.000000000000000000e+02,1.000000000000000000e+00,9.030000000000000000e+02,3.000000000000000000e+00,6.550000000000000000e+01,1.134493278957614564e+02,1.287075000000000000e+04,1.154700538379251684e+00,-6.666666666666665186e-01,3.007500000000000000e+02,4.330127018922192983e-01,1.875000000000000000e-01,-1.154700538379251684e+00,-6.666666666666665186e-01,2.625119686126708984e-01,1.700000000000000000e+01,0.000000000000000000e+00
5.195700000000000000e+04,5.300000000000000000e+01,4.100000000000000000e+01,1.000000000000000000e+00,7.500000000000000000e+02,3.000000000000000000e+00,1.073741823750000000e+09,1.859775392369316339e+09,3.458764510062444544e+18,1.154700538379251684e+00,-6.666666666666665186e-01,1.977500000000000000e+02,9.049965469547383634e+01,8.190187500000000000e+03,-1.154700538379251684e+00,-6.666666666666665186e-01,9.238721430301673199e-02,1.700000000000000000e+01,0.000000000000000000e+00
4.331400000000000000e+04,5.544300000000000000e+04,7.250000000000000000e+02,3.000000000000000000e+00,3.160000000000000000e+02,2.000000000000000000e+00,1.366666666666666430e+01,1.724979871058081216e+01,2.975555555555555998e+02,6.910999095768531886e-01,-1.500000000000000000e+00,3.470000000000000000e+02,2.824971976262183944e+02,7.980466666666668607e+04,3.886033934140470936e-01,-1.500000000000000222e+00,4.238986968994139931e-02,6.000000000000000000e+00,8.110000000000000000e+02
3.449500000000000000e+04,5.544300000000000000e+04,5.850000000000000000e+02,3.000000000000000000e+00,2.530000000000000000e+02,2.000000000000000000e+00,4.333333333333333037e+00,4.784233364802441990e+00,2.288888888888888928e+01,6.155602359275459401e-01,-1.499999999999999778e+00,2.793333333333333144e+02,2.259119789259131892e+02,5.103622222222221899e+04,4.474510852034486730e-01,-1.499999999999999778e+00,1.517319679260249916e-02,6.000000000000000000e+00,8.110000000000000000e+02
5.769600000000000000e+04,8.000000000000000000e+01,1.020000000000000000e+03,5.000000000000000000e+00,1.660000000000000000e+02,5.000000000000000000e+00,3.742000000000000000e+03,3.800334064263297932e+03,1.444253900000000000e+07,9.149469560271840385e-02,-1.878951849268438501e+00,2.965000000000000000e+02,2.135000000000000000e+02,4.558225000000000000e+04,0.000000000000000000e+00,-2.000000000000000000e+00,1.497449398040771662e+01,6.000000000000000000e+00,2.400000000000000000e+02
5.353000000000000000e+03,5.353000000000000000e+03,0.000000000000000000e+00,0.000000000000000000e+00,1.480000000000000000e+03,4.000000000000000000e+00,0.000000000000000000e+00,0.000000000000000000e+00,0.000000000000000000e+00,0.000000000000000000e+00,-3.000000000000000000e+00,3.700000000000000000e+02,0.000000000000000000e+00,0.000000000000000000e+00,0.000000000000000000e+00,-3.000000000000000000e+00,3.731250762938999928e-04,1.700000000000000000e+01,8.110000000000000000e+02
3.550000000000000000e+04,5.544300000000000000e+04,7.250000000000000000e+02,3.000000000000000000e+00,3.160000000000000000e+02,2.000000000000000000e+00,1.333333333333333259e+00,9.428090415820633563e-01,8.888888888888890616e-01,-7.071067811865474617e-01,-1.500000000000000222e+00,3.470000000000000000e+02,2.824971976262183944e+02,7.980466666666668607e+04,3.886033934140470936e-01,-1.500000000000000222e+00,5.683898925781199693e-03,6.000000000000000000e+00,8.110000000000000000e+02
0.000000000000000000e+00,0.000000000000000000e+00,1.120000000000000000e+02,2.000000000000000000e+00,3.360000000000000000e+02,6.000000000000000000e+00,1.276250000000000000e+02,3.369083471435518504e+02,1.135072343750000000e+05,2.267779704621786241e+00,3.142839160235422202e+00,5.600000000000000000e+01,0.000000000000000000e+00,0.000000000000000000e+00,0.000000000000000000e+00,-3.000000000000000000e+00,1.022943019866943359e+00,1.000000000000000000e+00,0.000000000000000000e+00
4.915400000000000000e+04,6.666000000000000000e+03,1.056000000000000000e+04,6.000000000000000000e+01,0.000000000000000000e+00,0.000000000000000000e+00,5.397000000000000455e+02,1.151932745432648971e+03,1.326949050000000512e+06,1.665925999665810231e+00,7.754354490924870724e-01,1.760000000000000000e+02,0.000000000000000000e+00,0.000000000000000000e+00,0.000000000000000000e+00,-3.000000000000000000e+00,3.300216293334960938e+01,1.700000000000000000e+01,0.000000000000000000e+00
3.493800000000000000e+04,8.000000000000000000e+01,0.000000000000000000e+00,1.000000000000000000e+00,0.000000000000000000e+00,0.000000000000000000e+00,0.000000000000000000e+00,0.000000000000000000e+00,0.000000000000000000e+00,0.000000000000000000e+00,-3.000000000000000000e+00,0.000000000000000000e+00,0.000000000000000000e+00,0.000000000000000000e+00,0.000000000000000000e+00,-3.000000000000000000e+00,0.000000000000000000e+00,6.000000000000000000e+00,2.110000000000000000e+02
0.000000000000000000e+00,0.000000000000000000e+00,2.800000000000000000e+02,5.000000000000000000e+00,8.400000000000000000e+02,1.500000000000000000e+01,1.499999999999999944e-01,6.538348415311011630e-01,4.275000000000002132e-01,4.129483209670110178e+00,1.495509898623352285e+01,5.600000000000000000e+01,0.000000000000000000e+00,0.000000000000000000e+00,0.000000000000000000e+00,-3.000000000000000000e+00,9.727001190185500037e-03,1.000000000000000000e+00,0.000000000000000000e+00
1.900000000000000000e+03,1.900000000000000000e+03,3.780000000000000000e+03,1.200000000000000000e+01,0.000000000000000000e+00,0.000000000000000000e+00,2.075000000000000000e+01,2.455308873984424878e+01,6.028541666666666288e+02,3.383954405615406946e-01,-1.885044600748052801e+00,3.150000000000000000e+02,3.741657386773940885e+00,1.400000000000000000e+01,3.818017741606062887e-01,-1.500000000000000000e+00,2.526018619537352961e-01,1.700000000000000000e+01,0.000000000000000000e+00
6.800000000000000000e+01,6.700000000000000000e+01,3.000000000000000000e+02,1.000000000000000000e+00,9.030000000000000000e+02,3.000000000000000000e+00,6.820000000298023224e+01,1.177794549146836403e+02,1.387200000000000000e+04,1.254700539869367804e+00,-6.666666666666665186e-01,3.007500000000000000e+02,4.330127018922192983e-01,1.875000000000000000e-01,-1.154700538379251684e+00,-6.666666666666665186e-01,-2.683001011610036679e-02,1.700000000000000000e+01,0.000000000000000000e+00
3.589900000000000000e+04,1.111000000000000000e+03,2.000000000000000000e+00,1.000000000000000000e+00,0.000000000000000000e+00,0.000000000000000000e+00,0.000000000000000000e+00,0.000000000000000000e+00,0.000000000000000000e+00,0.000000000000000000e+00,-3.000000000000000000e+00,2.000000000000000000e+00,0.000000000000000000e+00,0.000000000000000000e+00,0.000000000000000000e+00,-3.000000000000000000e+00,0.000000000000000000e+00,1.700000000000000000e+01,0.000000000000000000e+00
6.800000000000000000e+01,6.700000000000000000e+01,5.480000000000000000e+02,1.000000000000000000e+00,9.000000000000000000e+02,3.000000000000000000e+00,6.825000000000000000e+01,1.182124676165758643e+02,1.397418750000000000e+04,1.154700538379251684e+00,-6.666666666666665186e-01,3.620000000000000000e+02,1.073871500692704046e+02,1.153200000000000000e+04,1.154700538379251684e+00,-6.666666666666665186e-01,2.732610702514647882e-01,1.700000000000000000e+01,0.000000000000000000e+00
3.883400000000000000e+04,4.430000000000000000e+02,4.600000000000000000e+01,1.000000000000000000e+00,4.600000000000000000e+01,4.000000000000000000e+00,2.000000000000000000e+00,2.000000000000000000e+00,4.000000000000000000e+00,0.000000000000000000e+00,-2.000000000000000000e+00,4.600000000000000000e+01,0.000000000000000000e+00,0.000000000000000000e+00,0.000000000000000000e+00,-3.000000000000000000e+00,7.172656059265136719e-02,6.000000000000000000e+00,9.000000000000000000e+01
4.665300000000000000e+04,1.230000000000000000e+02,4.800000000000000000e+01,1.000000000000000000e+00,0.000000000000000000e+00,0.000000000000000000e+00,0.000000000000000000e+00,0.000000000000000000e+00,0.000000000000000000e+00,0.000000000000000000e+00,-3.000000000000000000e+00,4.800000000000000000e+01,0.000000000000000000e+00,0.000000000000000000e+00,0.000000000000000000e+00,-3.000000000000000000e+00,9.999970346689224243e-02,1.700000000000000000e+01,7.000000000000000000e+00
2.824300000000000000e+04,3.210000000000000000e+04,2.960000000000000000e+02,8.000000000000000000e+00,2.640000000000000000e+02,1.800000000000000000e+01,1.550153846153846189e+03,7.137224388817502586e+03,5.093997197633136809e+07,4.755460942136061853e+00,2.075275978516543063e+01,2.153846153846153655e+01,1.509261349960704379e+01,2.277869822485207010e+02,1.006281388945132083e+00,-6.054512513396477225e-01,4.030804300308228250e+01,1.700000000000000000e+01,2.130000000000000000e+02
4.383600000000000000e+04,1.900000000000000000e+03,1.120000000000000000e+02,1.000000000000000000e+00,0.000000000000000000e+00,0.000000000000000000e+00,0.000000000000000000e+00,0.000000000000000000e+00,0.000000000000000000e+00,-2.999995350837707520e-01,-3.000000000000000000e+00,1.120000000000000000e+02,0.000000000000000000e+00,0.000000000000000000e+00,0.000000000000000000e+00,-3.000000000000000000e+00,9.999997168779373169e-02,1.700000000000000000e+01,0.000000000000000000e+00
6.800000000000000000e+01,6.700000000000000000e+01,3.000000000000000000e+02,1.000000000000000000e+00,9.030000000000000000e+02,3.000000000000000000e+00,6.375000000000000000e+01,1.104182389825159163e+02,1.219218750000000000e+04,1.154700538379251684e+00,-6.666666666666665186e-01,3.003510093986988068e+02,7.320670265191419057e-01,1.875000000000000000e-01,-9.571987597766515865e-01,-6.666666666666665186e-01,2.561819553375244141e-01,1.700000000000000000e+01,0.000000000000000000e+00
1.334500000000000000e+04,3.131400000000000000e+04,0.000000000000000000e+00,2.000000000000000000e+00,0.000000000000000000e+00,4.000000000000000000e+00,0.000000000000000000e+00,0.000000000000000000e+00,0.000000000000000000e+00,0.000000000000000000e+00,-3.000000000000000000e+00,0.000000000000000000e+00,0.000000000000000000e+00,0.000000000000000000e+00,0.000000000000000000e+00,-3.000000000000000000e+00,5.529597187042236328e+01,6.000000000000000000e+00,1.920000000000000000e+02
3.549700000000000000e+04,5.544300000000000000e+04,7.250000000000000000e+02,3.000000000000000000e+00,3.160000000000000000e+02,2.000000000000000000e+00,2.666666666666666519e+00,1.885618083164126713e+00,3.555555555555555802e+00,-6.071806820053722298e-01,-1.500000000000000222e+00,3.470000000000000000e+02,2.824971976262183944e+02,7.980466666666668607e+04,3.886033934140470936e-01,-1.500000000000000222e+00,1.208400726318350007e-02,6.000000000000000000e+00,8.110000000000000000e+02
5.976100000000000000e+04,4.430000000000000000e+02,0.000000000000000000e+00,1.000000000000000000e+00,0.000000000000000000e+00,3.000000000000000000e+00,0.000000000000000000e+00,0.000000000000000000e+00,0.000000000000000000e+00,0.000000000000000000e+00,-3.000000000000000000e+00,0.000000000000000000e+00,0.000000000000000000e+00,0.000000000000000000e+00,0.000000000000000000e+00,-3.000000000000000000e+00,1.954078674316400178e-03,6.000000000000000000e+00,8.000000000000000000e+00
3.865600000000000000e+04,4.430000000000000000e+02,5.650000000000000000e+02,1.500000000000000000e+01,5.451000000000000000e+03,2.000000000000000000e+01,1.872727272727272663e+01,3.900603894758047829e+01,1.521471074380165419e+03,2.755525361641422588e+00,5.797997842622649500e+00,5.469090909090908781e+02,1.012121844492634750e+03,1.024390628099173424e+06,1.965956447488268033e+00,2.339668930525367507e+00,2.202000617980957031e-01,6.000000000000000000e+00,3.050000000000000000e+02
2.064600000000000000e+04,3.210000000000000000e+04,2.960000000000000000e+02,8.000000000000000000e+00,2.880000000000000000e+02,2.000000000000000000e+01,1.442035714285714221e+03,6.881995824936162535e+03,4.736186653443876654e+07,4.958207776466868388e+00,2.273035538696232649e+01,2.085714285714285765e+01,1.474961085616035028e+01,2.175510204081633105e+02,1.120478025470314387e+00,-3.556161625406125126e-01,4.038255715370178223e+01,1.700000000000000000e+01,2.130000000000000000e+02
3.967900000000000000e+04,7.024000000000000000e+03,0.000000000000000000e+00,1.000000000000000000e+00,0.000000000000000000e+00,0.000000000000000000e+00,0.000000000000000000e+00,0.000000000000000000e+00,0.000000000000000000e+00,0.000000000000000000e+00,-3.000000000000000000e+00,0.000000000000000000e+00,0.000000000000000000e+00,0.000000000000000000e+00,0.000000000000000000e+00,-3.000000000000000000e+00,0.000000000000000000e+00,6.000000000000000000e+00,0.000000000000000000e+00
9.999000000000000000e+03,9.999000000000000000e+03,6.260000000000000000e+02,1.000000000000000000e+00,0.000000000000000000e+00,0.000000000000000000e+00,0.000000000000000000e+00,0.000000000000000000e+00,0.000000000000000000e+00,0.000000000000000000e+00,-3.000000000000000000e+00,6.260000000000000000e+02,0.000000000000000000e+00,0.000000000000000000e+00,0.000000000000000000e+00,-3.000000000000000000e+00,0.000000000000000000e+00,1.700000000000000000e+01,8.110000000000000000e+02
6.085700000000000000e+04,1.230000000000000000e+02,4.800000000000000000e+01,1.000000000000000000e+00,0.000000000000000000e+00,0.000000000000000000e+00,0.000000000000000000e+00,0.000000000000000000e+00,0.000000000000000000e+00,0.000000000000000000e+00,-3.000000000000000000e+00,4.800000000000000000e+01,0.000000000000000000e+00,0.000000000000000000e+00,0.000000000000000000e+00,-3.000000000000000000e+00,0.000000000000000000e+00,1.700000000000000000e+01,7.000000000000000000e+00
5.180400000000000000e+04,1.900000000000000000e+03,1.280000000000000000e+02,1.000000000000000000e+00,0.000000000000000000e+00,0.000000000000000000e+00,0.000000000000000000e+00,0.000000000000000000e+00,0.000000000000000000e+00,0.000000000000000000e+00,-3.000000000000000000e+00,1.280000000000000000e+02,0.000000000000000000e+00,0.000000000000000000e+00,0.000000000000000000e+00,-3.000000000000000000e+00,9.992793202400207520e-02,1.700000000000000000e+01,0.000000000000000000e+00
4.874300000000000000e+04,7.024000000000000000e+03,0.000000000000000000e+00,6.000000000000000000e+00,0.000000000000000000e+00,0.000000000000000000e+00,0.000000000000000000e+00,0.000000000000000000e+00,0.000000000000000000e+00,0.000000000000000000e+00,-3.000000000000000000e+00,0.000000000000000000e+00,0.000000000000000000e+00,0.000000000000000000e+00,0.000000000000000000e+00,-3.000000000000000000e+00,3.107460713386536000e+01,6.000000000000000000e+00,0.000000000000000000e+00
3.638200000000000000e+04,5.544300000000000000e+04,7.240000000000000000e+02,3.000000000000000000e+00,3.160000000000000000e+02,2.000000000000000000e+00,4.000000000000000000e+00,4.966554808583780733e+00,2.466666666666667140e+01,6.856675374889220631e-01,-1.500000000000000000e+00,3.466666666666667425e+02,2.820512167832092132e+02,7.955288888888889051e+04,3.876440330751653174e-01,-1.500000000000000222e+00,1.393985748291010074e-02,6.000000000000000000e+00,8.110000000000000000e+02
9.999000000000000000e+03,9.999000000000000000e+03,1.450000000000000000e+02,5.000000000000000000e+00,0.000000000000000000e+00,0.000000000000000000e+00,0.000000000000000000e+00,0.000000000000000000e+00,0.000000000000000000e+00,0.000000000000000000e+00,-3.000000000000000000e+00,2.900000000000000000e+01,0.000000000000000000e+00,0.000000000000000000e+00,0.000000000000000000e+00,-3.000000000000000000e+00,1.254081726074200102e-03,1.700000000000000000e+01,0.000000000000000000e+00
3.841700000000000000e+04,5.544300000000000000e+04,7.250000000000000000e+02,3.000000000000000000e+00,3.160000000000000000e+02,2.000000000000000000e+00,3.000000000000000000e+00,2.449489742783177881e+00,6.000000000000000000e+00,0.000000000000000000e+00,-1.500000000000000000e+00,3.470000000000000000e+02,2.824971976262183944e+02,7.980466666666668607e+04,3.886033934140470936e-01,-1.500000000000000222e+00,1.332998275756830039e-02,6.000000000000000000e+00,8.110000000000000000e+02
4.021500000000000000e+04,1.230000000000000000e+02,4.800000000000000000e+01,1.000000000000000000e+00,0.000000000000000000e+00,0.000000000000000000e+00,0.000000000000000000e+00,0.000000000000000000e+00,0.000000000000000000e+00,0.000000000000000000e+00,-3.000000000000000000e+00,4.800000000000000000e+01,0.000000000000000000e+00,0.000000000000000000e+00,0.000000000000000000e+00,-3.000000000000000000e+00,0.000000000000000000e+00,1.700000000000000000e+01,7.000000000000000000e+00
4.742000000000000000e+04,8.000000000000000000e+01,2.260000000000000000e+02,4.000000000000000000e+00,1.100000000000000000e+02,7.000000000000000000e+00,7.900000000000000000e+01,1.000000000000000000e+00,1.000000000000000000e+00,0.000000000000000000e+00,-2.000000000000000000e+00,1.680000000000000000e+02,5.800000000000000000e+01,3.364000000000000000e+03,0.000000000000000000e+00,-2.000000000000000000e+00,1.598110198974609097e-01,6.000000000000000000e+00,8.100000000000000000e+01
3.844400000000000000e+04,1.560000000000000000e+04,7.000000000000000000e+01,2.000000000000000000e+00,0.000000000000000000e+00,0.000000000000000000e+00,0.000000000000000000e+00,0.000000000000000000e+00,0.000000000000000000e+00,0.000000000000000000e+00,-3.000000000000000000e+00,3.500000000000000000e+01,0.000000000000000000e+00,0.000000000000000000e+00,0.000000000000000000e+00,-3.000000000000000000e+00,5.412101745605468750e-05,1.700000000000000000e+01,0.000000000000000000e+00
4.170900000000000000e+04,1.560000000000000000e+04,7.000000000000000000e+01,2.000000000000000000e+00,0.000000000000000000e+00,0.000000000000000000e+00,0.000000000000000000e+00,0.000000000000000000e+00,0.000000000000000000e+00,0.000000000000000000e+00,-3.000000000000000000e+00,3.500000000000000000e+01,0.000000000000000000e+00,0.000000000000000000e+00,0.000000000000000000e+00,-3.000000000000000000e+00,7.987022399902343750e-05,1.700000000000000000e+01,0.000000000000000000e+00
4.002200000000000000e+04,1.560000000000000000e+04,7.000000000000000000e+01,2.000000000000000000e+00,0.000000000000000000e+00,0.000000000000000000e+00,0.000000000000000000e+00,0.000000000000000000e+00,0.000000000000000000e+00,0.000000000000000000e+00,-3.000000000000000000e+00,3.500000000000000000e+01,0.000000000000000000e+00,0.000000000000000000e+00,0.000000000000000000e+00,-3.000000000000000000e+00,8.010864257812500000e-05,1.700000000000000000e+01,0.000000000000000000e+00
4.331400000000000000e+04,5.544300000000000000e+04,7.250000000000000000e+02,3.000000000000000000e+00,3.160000000000000000e+02,2.000000000000000000e+00,1.013333333333333144e+02,1.369922949982549198e+02,1.876688888888889051e+04,7.048185031653053656e-01,-1.500000000000000000e+00,3.470000000000000000e+02,2.824971976262183944e+02,7.980466666666668607e+04,3.886033934140470936e-01,-1.500000000000000222e+00,3.062880039215087891e-01,6.000000000000000000e+00,8.110000000000000000e+02
4.337200000000000000e+04,1.230000000000000000e+02,4.800000000000000000e+01,1.000000000000000000e+00,0.000000000000000000e+00,0.000000000000000000e+00,0.000000000000000000e+00,0.000000000000000000e+00,0.000000000000000000e+00,0.000000000000000000e+00,-3.000000000000000000e+00,4.800000000000000000e+01,0.000000000000000000e+00,0.000000000000000000e+00,0.000000000000000000e+00,-3.000000000000000000e+00,0.000000000000000000e+00,1.700000000000000000e+01,7.000000000000000000e+00
5.796000000000000000e+04,5.262600000000000000e+04,1.098000000000000000e+03,3.000000000000000000e+00,0.000000000000000000e+00,0.000000000000000000e+00,0.000000000000000000e+00,0.000000000000000000e+00,0.000000000000000000e+00,0.000000000000000000e+00,-3.000000000000000000e+00,3.660000000000000000e+02,0.000000000000000000e+00,0.000000000000000000e+00,0.000000000000000000e+00,-3.000000000000000000e+00,3.709793090820000250e-04,1.700000000000000000e+01,0.000000000000000000e+00
5.283300000000000000e+04,7.024000000000000000e+03,0.000000000000000000e+00,5.000000000000000000e+00,0.000000000000000000e+00,0.000000000000000000e+00,0.000000000000000000e+00,0.000000000000000000e+00,0.000000000000000000e+00,0.000000000000000000e+00,-3.000000000000000000e+00,0.000000000000000000e+00,0.000000000000000000e+00,0.000000000000000000e+00,0.000000000000000000e+00,-3.000000000000000000e+00,1.503790521621703924e+01,6.000000000000000000e+00,0.000000000000000000e+00
5.544400000000000000e+04,5.544400000000000000e+04,4.032000000000000000e+03,2.520000000000000000e+02,2.008000000000000000e+03,2.510000000000000000e+02,5.932999999999999829e+01,2.802688015102644385e+02,7.855060109999999986e+04,6.816709985060433574e+00,4.465852802716082692e+01,1.200000000000000000e+01,4.000000000000000000e+00,1.600000000000000000e+01,0.000000000000000000e+00,-2.000000000000000000e+00,3.005440211296080832e+01,1.700000000000000000e+01,8.110000000000000000e+02
4.796100000000000000e+04,5.544300000000000000e+04,2.140000000000000000e+02,3.000000000000000000e+00,2.530000000000000000e+02,2.000000000000000000e+00,3.666666666666666519e+00,2.867441755680876003e+00,8.222222222222221433e+00,-1.728005440786500868e-01,-1.499999999999999778e+00,1.556666666666666572e+02,7.759868269214082659e+01,6.021555555555555657e+03,-7.027936955484724857e-01,-1.500000000000000222e+00,2.013611793518060161e-02,6.000000000000000000e+00,8.110000000000000000e+02
5.716800000000000000e+04,8.000000000000000000e+01,3.200000000000000000e+01,3.000000000000000000e+00,6.400000000000000000e+01,2.000000000000000000e+00,5.427000000000000000e+03,7.511485383508820632e+03,5.642241266666665673e+07,7.066009078260103715e-01,-1.500000000000000222e+00,3.200000000000000000e+01,0.000000000000000000e+00,0.000000000000000000e+00,0.000000000000000000e+00,-3.000000000000000000e+00,1.652708697319030762e+01,6.000000000000000000e+00,0.000000000000000000e+00
3.551100000000000000e+04,8.000000000000000000e+01,0.000000000000000000e+00,1.000000000000000000e+00,0.000000000000000000e+00,3.000000000000000000e+00,0.000000000000000000e+00,0.000000000000000000e+00,0.000000000000000000e+00,0.000000000000000000e+00,-3.000000000000000000e+00,0.000000000000000000e+00,0.000000000000000000e+00,0.000000000000000000e+00,0.000000000000000000e+00,-3.000000000000000000e+00,0.000000000000000000e+00,6.000000000000000000e+00,9.000000000000000000e+01
5.532300000000000000e+04,5.544300000000000000e+04,7.260000000000000000e+02,3.000000000000000000e+00,3.170000000000000000e+02,2.000000000000000000e+00,1.466666666666666430e+01,1.866071333637120944e+01,3.482222222222222285e+02,6.934247265523043602e-01,-1.499999999999999556e+00,3.476666666666667425e+02,2.828525332316391996e+02,8.000555555555554747e+04,3.866591524724117268e-01,-1.499999999999999778e+00,4.822993278503410336e-02,6.000000000000000000e+00,8.110000000000000000e+02
4.750600000000000000e+04,5.300000000000000000e+01,3.400000000000000000e+01,1.000000000000000000e+00,8.940000000000000000e+02,3.000000000000000000e+00,1.073741823750000000e+09,1.859775392369316339e+09,3.458764510062444544e+18,1.154700538379251684e+00,-6.666666666666665186e-01,2.320000000000000000e+02,1.143153532995459045e+02,1.306800000000000000e+04,-1.154700538379251684e+00,-6.666666666666665186e-01,9.876351803541186247e-02,1.700000000000000000e+01,0.000000000000000000e+00
1.034200000000000000e+04,3.210000000000000000e+04,3.240000000000000000e+02,3.000000000000000000e+00,9.600000000000000000e+01,1.200000000000000000e+01,5.625199999999999818e+03,1.121307914416612584e+04,1.257331438933333158e+08,1.500069323707343694e+00,2.504066105669284781e-01,2.800000000000000000e+01,4.000000000000000000e+01,1.600000000000000000e+03,1.500000000000000000e+00,2.500000000000000000e-01,8.438296914100646973e+01,1.700000000000000000e+01,0.000000000000000000e+00
3.841000000000000000e+04,5.544300000000000000e+04,7.250000000000000000e+02,3.000000000000000000e+00,3.160000000000000000e+02,2.000000000000000000e+00,4.000000000000000000e+00,4.320493798938573882e+00,1.866666666666666785e+01,5.951700641394972457e-01,-1.500000000000000444e+00,3.470000000000000000e+02,2.824971976262183944e+02,7.980466666666668607e+04,3.886033934140470936e-01,-1.500000000000000222e+00,5.057311058044430124e-02,6.000000000000000000e+00,8.110000000000000000e+02
3.929600000000000000e+04,8.000000000000000000e+01,2.260000000000000000e+02,4.000000000000000000e+00,1.100000000000000000e+02,7.000000000000000000e+00,7.650000000000000000e+01,5.000000000000000000e-01,2.500000000000000000e-01,0.000000000000000000e+00,-2.000000000000000000e+00,1.680000000000000000e+02,5.800000000000000000e+01,3.364000000000000000e+03,0.000000000000000000e+00,-2.000000000000000000e+00,2.034189701080321988e-01,6.000000000000000000e+00,8.100000000000000000e+01
3.712800000000000000e+04,4.430000000000000000e+02,4.495000000000000000e+03,6.000000000000000000e+00,2.535000000000000000e+03,1.200000000000000000e+01,4.301666666666667425e+02,5.769905882151708738e+02,3.329181388888888177e+05,9.153846470452323691e-01,-9.133431420328071981e-01,1.171666666666666742e+03,3.402663989027159914e+02,1.157812222222222335e+05,-2.181220894739624994e-01,-1.415004852728132256e+00,2.583703994750977007e+00,6.000000000000000000e+00,2.110000000000000000e+02
0.000000000000000000e+00,0.000000000000000000e+00,0.000000000000000000e+00,0.000000000000000000e+00,2.240000000000000000e+02,8.000000000000000000e+00,8.599981926381587982e+00,2.248888614404901887e+01,5.057500000000000000e+02,2.445988682971111050e+00,3.142857142857143238e+00,2.800000000000000000e+01,0.000000000000000000e+00,0.000000000000000000e+00,0.000000000000000000e+00,-3.000000000000000000e+00,6.901597976684570312e-02,5.800000000000000000e+01,8.110000000000000000e+02
5.586700000000000000e+04,5.544300000000000000e+04,7.260000000000000000e+02,3.000000000000000000e+00,3.170999989509582520e+02,2.000000000000000000e+00,2.333333333333333037e+00,1.699673171197594979e+00,2.888888888888889284e+00,-5.280049792181881196e-01,-1.500000000000000000e+00,3.476666666666667425e+02,2.828525332316391996e+02,8.000555555555554747e+04,3.866591524943543967e-01,-1.499999999999999778e+00,3.087237104773520868e-01,6.000000000000000000e+00,8.110000000000000000e+02
4.777200000000000000e+04,4.430000000000000000e+02,0.000000000000000000e+00,2.000000000000000000e+00,3.100000000000000000e+01,4.000000000000000000e+00,0.000000000000000000e+00,0.000000000000000000e+00,0.000000000000000000e+00,0.000000000000000000e+00,-3.000000000000000000e+00,3.100000000000000000e+01,0.000000000000000000e+00,0.000000000000000000e+00,0.000000000000000000e+00,-3.000000000000000000e+00,5.069602966308593750e+00,6.000000000000000000e+00,9.100000000000000000e+01
9.999000000000000000e+03,9.999000000000000000e+03,6.000000000000000000e+02,1.000000000000000000e+00,0.000000000000000000e+00,0.000000000000000000e+00,0.000000000000000000e+00,0.000000000000000000e+00,0.000000000000000000e+00,0.000000000000000000e+00,-3.000000000000000000e+00,6.000000000000000000e+02,0.000000000000000000e+00,0.000000000000000000e+00,0.000000000000000000e+00,-3.000000000000000000e+00,0.000000000000000000e+00,1.700000000000000000e+01,8.110000000000000000e+02
4.319600000000000000e+04,7.001000000000000000e+03,1.920000000000000000e+02,2.000000000000000000e+00,1.800000000000000000e+02,4.000000000000000000e+00,1.102950000000000000e+04,1.102950000000000000e+04,1.216498702500000000e+08,0.000000000000000000e+00,-2.000000000000000000e+00,1.860000000000000000e+02,6.000000000000000000e+00,3.600000000000000000e+01,0.000000000000000000e+00,-2.000000000000000000e+00,2.206302595138549449e+01,6.000000000000000000e+00,0.000000000000000000e+00
5.015300000000000000e+04,1.230000000000000000e+02,4.800000000000000000e+01,1.000000000000000000e+00,0.000000000000000000e+00,0.000000000000000000e+00,3.000000044703483582e-01,0.000000000000000000e+00,0.000000000000000000e+00,2.000000029802322388e-01,-3.000000000000000000e+00,4.800000000000000000e+01,0.000000000000000000e+00,0.000000000000000000e+00,4.000000059604644775e-01,-3.000000000000000000e+00,1.000000014901161194e-01,1.700000000000000000e+01,7.000000000000000000e+00
5.972500000000000000e+04,4.430000000000000000e+02,6.600000000000000000e+01,2.000000000000000000e+00,6.000000000000000000e+01,1.000000000000000000e+00,5.500000000000000000e+00,5.500000000000000000e+00,3.025000000000000000e+01,0.000000000000000000e+00,-2.000000000000000000e+00,6.300000000000000000e+01,3.000000000000000000e+00,9.000000000000000000e+00,0.000000000000000000e+00,-2.000000000000000000e+00,-8.224248886108440071e-03,6.000000000000000000e+00,8.600000000000000000e+01
4.859200000000000000e+04,5.300000000000000000e+01,3.400000000000000000e+01,1.000000000000000000e+00,8.940000000000000000e+02,3.000000000000000000e+00,1.073741823750000000e+09,1.859775392369316339e+09,3.458764510062444544e+18,1.154700538379251684e+00,-6.666666666666665186e-01,2.320000000000000000e+02,1.145140963299747909e+02,1.306800000000000000e+04,-1.154700538379251684e+00,-6.666666666666665186e-01,9.885898977518084441e-02,1.700000000000000000e+01,0.000000000000000000e+00
3.410100000000000000e+04,5.300000000000000000e+01,3.439999997615814209e+01,1.000000000000000000e+00,8.941999999880790710e+02,3.000000000000000000e+00,1.073741823750000000e+09,1.859775392369316339e+09,3.458764510062444544e+18,1.154700538379251684e+00,-6.666666666666665186e-01,2.322999999821186066e+02,1.143153532995459045e+02,1.306800000000000000e+04,-1.154700538379251684e+00,-6.666666666666665186e-01,9.895907342433932219e-02,1.700000000000000000e+01,0.000000000000000000e+00
4.476200000000000000e+04,8.000000000000000000e+01,0.000000000000000000e+00,1.000000000000000000e+00,0.000000000000000000e+00,3.000000000000000000e+00,0.000000000000000000e+00,0.000000000000000000e+00,0.000000000000000000e+00,0.000000000000000000e+00,-3.000000000000000000e+00,0.000000000000000000e+00,0.000000000000000000e+00,0.000000000000000000e+00,0.000000000000000000e+00,-3.000000000000000000e+00,9.999746084213256836e-02,6.000000000000000000e+00,9.000000000000000000e+01
1.536000000000000000e+03,1.883000000000000000e+03,2.000000000000000000e+00,2.000000000000000000e+00,2.000000000000000000e+00,1.000000000000000000e+00,8.500000000000000000e+00,8.500000000000000000e+00,7.225000000000000000e+01,0.000000000000000000e+00,-2.000000000000000000e+00,2.000000000000000000e+00,0.000000000000000000e+00,0.000000000000000000e+00,0.000000000000000000e+00,-3.000000000000000000e+00,8.638691902160640368e-02,6.000000000000000000e+00,5.700000000000000000e+01
5.432100000000000000e+04,8.053000000000000000e+03,1.280000000000000000e+02,4.000000000000000000e+00,3.840000000000000000e+02,1.200000000000000000e+01,3.806625000000000000e+03,6.503822586323753967e+03,4.229970823437500000e+07,1.254169425332898768e+00,-6.646365512677081533e-01,3.200000000000000000e+01,0.000000000000000000e+00,0.000000000000000000e+00,0.000000000000000000e+00,-3.000000000000000000e+00,6.091175007820129395e+01,1.700000000000000000e+01,1.580000000000000000e+02
1.029000000000000000e+03,6.000000000000000000e+03,1.000000000000000000e+02,7.000000000000000000e+00,7.500000000000000000e+01,3.000000000000000000e+00,8.831857142857143117e+03,1.018526396920811203e+04,1.037396021224489957e+08,2.895908392151321786e-01,-1.914911241840924871e+00,2.500000000000000000e+01,0.000000000000000000e+00,0.000000000000000000e+00,0.000000000000000000e+00,-3.000000000000000000e+00,6.182631206512451172e+01,6.000000000000000000e+00,3.140000000000000000e+02
4.328600000000000000e+04,5.300000000000000000e+01,4.100000000000000000e+01,1.000000000000000000e+00,9.420000000000000000e+02,3.000000000000000000e+00,1.073741823750000000e+09,1.859775386018464088e+09,3.458764486440124416e+18,1.154700538379251684e+00,-6.666666666666665186e-01,2.457500000000000000e+02,1.182124676165758643e+02,1.397418750000000000e+04,-1.254651194674074377e+00,-6.666666666666665186e-01,-1.272988319396970054e-02,1.700000000000000000e+01,0.000000000000000000e+00
5.544400000000000000e+04,5.544400000000000000e+04,2.024000000000000000e+03,2.530000000000000000e+02,4.048000000000000000e+03,2.530000000000000000e+02,3.936999999999999744e+01,2.001946879914649173e+02,4.007791310000001249e+04,9.724648239700577790e+00,9.359074581944193483e+01,1.200000000000000000e+01,4.000000000000000000e+00,1.600000000000000000e+01,0.000000000000000000e+00,-2.000000000000000000e+00,3.016681504249573109e+01,1.700000000000000000e+01,8.110000000000000000e+02
5.353000000000000000e+03,5.353000000000000000e+03,9.708000000000000000e+03,3.200000000000000000e+01,0.000000000000000000e+00,0.000000000000000000e+00,4.917812500000000000e+02,1.556575944468639591e+03,2.422928670898437034e+06,3.878315439161113432e+00,1.481565485323776343e+01,3.033750000000000000e+02,1.234513441603614439e+02,1.524023437500000000e+04,-5.163977794943223065e-01,-1.733333333333333393e+00,1.564376238733529867e+01,1.700000000000000000e+01,0.000000000000000000e+00
4.915700000000000000e+04,4.430000000000000000e+02,4.000000000000000000e+01,1.000000000000000000e+00,2.500000000000000000e+02,5.000000000000000000e+00,9.822833333333333940e+03,2.195692131133648945e+04,4.821063934722223282e+08,1.788854060336870333e+00,1.199999424458990882e+00,4.833333333333334281e+01,3.726779962499649379e+00,1.388888888888889284e+01,-1.788854381999833709e+00,1.200000000000002842e+00,5.893853902816772461e+01,1.700000000000000000e+01,0.000000000000000000e+00
4.706100000000000000e+04,5.300000000000000000e+01,4.100000000000000000e+01,1.000000000000000000e+00,9.420000000000000000e+02,3.000000000000000000e+00,1.073741823750000000e+09,1.859775392369316339e+09,3.458764510062444544e+18,1.154700538379251684e+00,-6.666666666666665186e-01,2.457500000000000000e+02,1.182124676165758643e+02,1.397418750000000000e+04,-1.154700538379251684e+00,-6.666666666666665186e-01,-1.129865646362299917e-03,1.690000230073928833e+01,0.000000000000000000e+00
8.001000000000000000e+03,8.001000000000000000e+03,6.666000000000000000e+03,3.300000000000000000e+01,0.000000000000000000e+00,0.000000000000000000e+00,9.703030303030303685e+02,1.000165576742125381e+03,1.000331180899907951e+06,6.063454265881999816e-02,-1.996322603435259913e+00,2.020000000000000000e+02,0.000000000000000000e+00,0.000000000000000000e+00,0.000000000000000000e+00,-3.000000000000000000e+00,3.202972698211669922e+01,1.700000000000000000e+01,0.000000000000000000e+00
4.192200000000000000e+04,8.000000000000000000e+01,1.410000000000000000e+02,6.000000000000000000e+00,7.750000000000000000e+02,8.000000000000000000e+00,6.700000000000000000e+01,4.972591544322403223e+01,2.472666666666666515e+03,-4.250314278125297274e-01,-1.500000000000000000e+00,3.053333333333333144e+02,1.190135379787620025e+02,1.416422222222222081e+04,-5.614253577294242570e-01,-1.500000000000000444e+00,2.391738891601561945e-01,6.000000000000000000e+00,2.110000000000000000e+02
5.353000000000000000e+03,5.353000000000000000e+03,1.800000000000000000e+03,8.000000000000000000e+00,0.000000000000000000e+00,0.000000000000000000e+00,1.296250000000000000e+02,3.429555136967476301e+02,1.176184843750000000e+05,2.267786838055363408e+00,3.142857142857143238e+00,2.250000000000000000e+02,0.000000000000000000e+00,0.000000000000000000e+00,0.000000000000000000e+00,-3.000000000000000000e+00,1.039048910140991211e+00,1.700000000000000000e+01,0.000000000000000000e+00
5.544400000000000000e+04,5.544400000000000000e+04,3.984000000000000000e+03,2.490000000000000000e+02,1.992000000000000000e+03,2.490000000000000000e+02,5.935999999999999943e+01,2.793564933915086499e+02,7.804005040000003646e+04,6.815277672394640440e+00,4.454830958692173937e+01,1.200000000000000000e+01,4.000000000000000000e+00,1.600000000000000000e+01,0.000000000000000000e+00,-2.000000000000000000e+00,3.006537008285522461e+01,1.700000000000000000e+01,8.110000000000000000e+02
4.193500000000000000e+04,8.000000000000000000e+01,0.000000000000000000e+00,1.000000000000000000e+00,0.000000000000000000e+00,3.000000000000000000e+00,0.000000000000000000e+00,0.000000000000000000e+00,0.000000000000000000e+00,0.000000000000000000e+00,-3.000000000000000000e+00,0.000000000000000000e+00,0.000000000000000000e+00,0.000000000000000000e+00,0.000000000000000000e+00,-3.000000000000000000e+00,1.000000089406967163e-01,6.000000000000000000e+00,9.000000000000000000e+01
3.658300000000000000e+04,8.060000000000000000e+03,1.150000000000000000e+02,1.000000000000000000e+00,0.000000000000000000e+00,0.000000000000000000e+00,0.000000000000000000e+00,0.000000000000000000e+00,0.000000000000000000e+00,0.000000000000000000e+00,-3.000000000000000000e+00,1.150000000000000000e+02,0.000000000000000000e+00,0.000000000000000000e+00,0.000000000000000000e+00,-3.000000000000000000e+00,9.998620301485061646e-02,6.000000000000000000e+00,8.110000000000000000e+02
3.624500000000000000e+04,4.430000000000000000e+02,8.560000000000000000e+02,1.400000000000000000e+01,1.340000000000000000e+04,2.700000000000000000e+01,1.955999999999999943e+02,1.624254906103103053e+02,2.638204000000000087e+04,2.946569413265162085e-01,-1.468591622174220346e+00,1.425599999999999909e+03,1.718854630269819836e+03,2.954461240000000224e+06,9.693578634259900628e-01,-7.533133299504806146e-01,2.437701940536499023e+00,6.000000000000000000e+00,2.060000000000000000e+02
9.999000000000000000e+03,9.999000000000000000e+03,6.010000000000000000e+02,1.000000000000000000e+00,0.000000000000000000e+00,0.000000000000000000e+00,0.000000000000000000e+00,0.000000000000000000e+00,0.000000000000000000e+00,0.000000000000000000e+00,-3.000000000000000000e+00,6.010000000000000000e+02,0.000000000000000000e+00,0.000000000000000000e+00,0.000000000000000000e+00,-3.000000000000000000e+00,0.000000000000000000e+00,1.700000000000000000e+01,8.110000000000000000e+02
3.883500000000000000e+04,5.544300000000000000e+04,7.240000000000000000e+02,3.000000000000000000e+00,3.160000000000000000e+02,2.000000000000000000e+00,1.666666666666666785e+01,2.013840995599095507e+01,4.055555555555556566e+02,6.745554845457654158e-01,-1.500000000000000444e+00,3.466666666666667425e+02,2.820512167832092132e+02,7.955288888888889051e+04,3.876440330751653174e-01,-1.500000000000000222e+00,5.845785140991210244e-02,6.000000000000000000e+00,8.110000000000000000e+02
4.250000000000000000e+04,1.111000000000000000e+03,2.000000000000000000e+00,1.000000000000000000e+00,0.000000000000000000e+00,0.000000000000000000e+00,0.000000000000000000e+00,0.000000000000000000e+00,0.000000000000000000e+00,0.000000000000000000e+00,-3.000000000000000000e+00,2.000000000000000000e+00,0.000000000000000000e+00,0.000000000000000000e+00,0.000000000000000000e+00,-3.000000000000000000e+00,0.000000000000000000e+00,1.700000000000000000e+01,0.000000000000000000e+00
3.550000000000000000e+04,5.544300000000000000e+04,7.250000000000000000e+02,3.000000000000000000e+00,3.160000000000000000e+02,2.000000000000000000e+00,3.000000000000000000e+00,2.160246899469286941e+00,4.666666666666666963e+00,-5.951700641394972457e-01,-1.500000000000000444e+00,3.470000000000000000e+02,2.824971976262183944e+02,7.980466666666668607e+04,3.886033934140470936e-01,-1.500000000000000222e+00,1.580595970153799920e-02,6.000000000000000000e+00,8.110000000000000000e+02
4.470800000000000000e+04,1.230000000000000000e+02,1.920000000000000000e+02,4.000000000000000000e+00,0.000000000000000000e+00,0.000000000000000000e+00,1.499750000000000000e+03,8.658811624582209561e+02,7.497501875000000000e+05,-1.154699768408039784e+00,-6.666672596542220219e-01,4.800000000000000000e+01,0.000000000000000000e+00,0.000000000000000000e+00,0.000000000000000000e+00,-3.000000000000000000e+00,5.999367952346802646e+00,1.700000000000000000e+01,2.700000000000000000e+01
3.821000000000000000e+04,5.544300000000000000e+04,7.230000000000000000e+02,3.000000000000000000e+00,3.130000000000000000e+02,2.000000000000000000e+00,3.000000000000000000e+00,2.160246899469286941e+00,4.666666666666666963e+00,-5.951700641394972457e-01,-1.500000000000000444e+00,3.453333333333332575e+02,2.818798010184876830e+02,7.945622222222223354e+04,3.953834402299569173e-01,-1.499999999999999778e+00,1.425504684448239932e-02,6.000000000000000000e+00,8.110000000000000000e+02
4.608200000000000000e+04,1.560000000000000000e+04,3.500000000000000000e+01,1.000000000000000000e+00,0.000000000000000000e+00,0.000000000000000000e+00,0.000000000000000000e+00,0.000000000000000000e+00,0.000000000000000000e+00,0.000000000000000000e+00,-3.000000000000000000e+00,3.500000000000000000e+01,0.000000000000000000e+00,0.000000000000000000e+00,0.000000000000000000e+00,-3.000000000000000000e+00,9.999042749404907227e-02,1.700000000000000000e+01,0.000000000000000000e+00
3.702700000000000000e+04,1.560000000000000000e+04,7.000000000000000000e+01,2.000000000000000000e+00,0.000000000000000000e+00,0.000000000000000000e+00,0.000000000000000000e+00,0.000000000000000000e+00,0.000000000000000000e+00,0.000000000000000000e+00,-3.000000000000000000e+00,3.500000000000000000e+01,0.000000000000000000e+00,0.000000000000000000e+00,0.000000000000000000e+00,-3.000000000000000000e+00,7.987022399902343750e-05,1.700000000000000000e+01,0.000000000000000000e+00
4.432300000000000000e+04,7.024000000000000000e+03,1.300000000000000000e+02,1.000000000000000000e+00,0.000000000000000000e+00,0.000000000000000000e+00,0.000000000000000000e+00,0.000000000000000000e+00,0.000000000000000000e+00,0.000000000000000000e+00,-3.000000000000000000e+00,1.300000000000000000e+02,0.000000000000000000e+00,0.000000000000000000e+00,0.000000000000000000e+00,-3.000000000000000000e+00,0.000000000000000000e+00,6.000000000000000000e+00,0.000000000000000000e+00
4.863600000000000000e+04,5.300000000000000000e+01,3.400000000000000000e+01,1.000000000000000000e+00,9.300000000000000000e+02,3.000000000000000000e+00,1.073741823750000000e+09,1.859775392369316339e+09,3.458764510062444544e+18,1.154700538379251684e+00,-6.666666666666665186e-01,2.410000000000000000e+02,1.195115057222525365e+02,1.428300000000000000e+04,-1.154700538379251684e+00,-6.666666666666665186e-01,-1.461029052734299973e-03,1.700000000000000000e+01,0.000000000000000000e+00
6.700000000000000000e+01,6.800000000000000000e+01,0.000000000000000000e+00,0.000000000000000000e+00,1.502000000000000000e+03,5.000000000000000000e+00,3.072779999999999927e+04,6.145559999999999854e+04,3.776790771360000134e+09,1.099999994039535522e+00,2.500000000000003886e-01,3.003999999999999773e+02,9.898979560072163064e-01,4.765140542387962252e-01,7.082482949343504863e-01,-1.833333333333257986e+00,1.536398758888244629e+02,1.700000000000000000e+01,0.000000000000000000e+00
5.353000000000000000e+03,5.353000000000000000e+03,0.000000000000000000e+00,0.000000000000000000e+00,1.990000000000000000e+02,1.000000000000000000e+00,0.000000000000000000e+00,0.000000000000000000e+00,0.000000000000000000e+00,0.000000000000000000e+00,-3.000000000000000000e+00,1.990000000000000000e+02,0.000000000000000000e+00,0.000000000000000000e+00,0.000000000000000000e+00,-3.000000000000000000e+00,9.994444251060485840e-02,1.700000000000000000e+01,8.110000000000000000e+02
5.544400000000000000e+04,5.544400000000000000e+04,3.856000000000000000e+03,2.410000000000000000e+02,1.920000000000000000e+03,2.400000000000000000e+02,6.017000000000000171e+01,2.796201013875790409e+02,7.818740109999998822e+04,6.787625844451718571e+00,4.439996836188874596e+01,1.200000000000000000e+01,4.000000000000000000e+00,1.600000000000000000e+01,0.000000000000000000e+00,-2.000000000000000000e+00,2.995970708131790161e+01,1.700000000000000000e+01,8.110000000000000000e+02
3.902700000000000000e+04,5.544300000000000000e+04,7.240000000000000000e+02,3.000000000000000000e+00,3.160000000000000000e+02,2.000000000000000000e+00,3.666666666666666519e+00,2.624669291337270227e+00,6.888888888888888395e+00,-6.309038567106234341e-01,-1.500000000000000444e+00,3.466666666666667425e+02,2.820512167832092132e+02,7.955288888888889051e+04,3.876440330751653174e-01,-1.500000000000000222e+00,1.349091529846190018e-02,6.000000000000000000e+00,8.110000000000000000e+02
4.770700000000000000e+04,5.300000000000000000e+01,4.100000000000000000e+01,1.000000000000000000e+00,9.420000000000000000e+02,3.000000000000000000e+00,1.073741823750000000e+09,1.859775392369316339e+09,3.458764510062444544e+18,1.154700538379251684e+00,-6.666666666666665186e-01,2.457500000000000000e+02,1.182124676165758643e+02,1.397418750000000000e+04,-1.154700538379251684e+00,-6.666666666666665186e-01,-1.441955566406199910e-03,1.690124911069869995e+01,0.000000000000000000e+00
3.611000000000000000e+04,5.544300000000000000e+04,7.240000000000000000e+02,3.000000000000000000e+00,3.160000000000000000e+02,2.000000000000000000e+00,1.666666666666666741e+00,1.699673171197594979e+00,2.888888888888888840e+00,5.280049792181873425e-01,-1.500000000000000444e+00,3.466666666666667425e+02,2.820512167832092132e+02,7.955288888888889051e+04,3.876440330751653174e-01,-1.500000000000000222e+00,9.541988372802699681e-03,6.000000000000000000e+00,8.110000000000000000e+02
3.284900000000000000e+04,1.560000000000000000e+04,7.000000000000000000e+01,2.000000000000000000e+00,0.000000000000000000e+00,0.000000000000000000e+00,0.000000000000000000e+00,0.000000000000000000e+00,0.000000000000000000e+00,0.000000000000000000e+00,-3.000000000000000000e+00,3.500000000000000000e+01,0.000000000000000000e+00,0.000000000000000000e+00,0.000000000000000000e+00,-3.000000000000000000e+00,7.510185241699218750e-05,1.700000000000000000e+01,0.000000000000000000e+00
3.611900000000000000e+04,5.544300000000000000e+04,7.240000000000000000e+02,3.000000000000000000e+00,3.160000000000000000e+02,2.000000000000000000e+00,1.333333333333333259e+00,9.428090415820633563e-01,8.888888888888890616e-01,-7.071067811865474617e-01,-1.500000000000000222e+00,3.466666666666667425e+02,2.820512167832092132e+02,7.955288888888889051e+04,3.876440330751653174e-01,-1.500000000000000222e+00,8.924961090087800419e-03,6.000000000000000000e+00,8.110000000000000000e+02
3.743500000000000000e+04,5.300000000000000000e+01,4.100000000000000000e+01,1.000000000000000000e+00,8.460000000000000000e+02,3.000000000000000000e+00,1.073741823750000000e+09,1.859775392369316339e+09,3.458764510062444544e+18,1.154700538379251684e+00,-6.666666666666665186e-01,2.217500000000000000e+02,1.043560611560248361e+02,1.089018750000000000e+04,-1.154700538379251684e+00,-6.666666666666665186e-01,-1.059055328369100076e-03,1.700000000000000000e+01,0.000000000000000000e+00
6.800000000000000000e+01,6.700000000000000000e+01,3.180000000000000000e+02,1.000000000000000000e+00,9.030000000000000000e+02,3.000000000000000000e+00,6.225000000000000000e+01,1.078201627711626003e+02,1.162518750000000000e+04,1.154700538379251684e+00,-6.666666666666665186e-01,3.052500000000000000e+02,7.361215932167726628e+00,5.418750000000000000e+01,1.154700538379251684e+00,-6.666666666666665186e-01,2.502560615539550781e-01,1.700000000000000000e+01,0.000000000000000000e+00
6.005600000000000000e+04,4.430000000000000000e+02,4.600000000000000000e+01,1.000000000000000000e+00,4.600000000000000000e+01,4.000000000000000000e+00,1.850000000000000000e+01,1.859710200130939484e+01,3.422500000000000000e+02,0.000000000000000000e+00,-2.000000000000000000e+00,4.600000000000000000e+01,0.000000000000000000e+00,0.000000000000000000e+00,0.000000000000000000e+00,-3.000000000000000000e+00,4.942488670349119706e-02,6.000000000000000000e+00,9.000000000000000000e+01
3.292000000000000000e+04,1.900000000000000000e+03,1.160000000000000000e+02,1.000000000000000000e+00,0.000000000000000000e+00,0.000000000000000000e+00,0.000000000000000000e+00,0.000000000000000000e+00,0.000000000000000000e+00,0.000000000000000000e+00,-3.000000000000000000e+00,1.160000000000000000e+02,0.000000000000000000e+00,0.000000000000000000e+00,0.000000000000000000e+00,-3.000000000000000000e+00,9.999999403953552246e-02,1.700000000000000000e+01,0.000000000000000000e+00
4.745200000000000000e+04,5.300000000000000000e+01,6.400000000000000000e+01,2.000000000000000000e+00,3.240000000000000000e+02,6.000000000000000000e+00,5.368709118750000000e+08,1.420426915564043045e+09,2.017612622458781696e+18,2.267786838055363408e+00,3.142857142857143238e+00,4.850000000000000000e+01,1.085126720710534975e+01,1.177500000000000000e+02,-4.326008590821343036e-01,-1.190501304988708098e+00,-9.484052658080999176e-03,1.700000000000000000e+01,0.000000000000000000e+00
4.282200000000000000e+04,5.228000000000000000e+03,0.000000000000000000e+00,1.000000000000000000e+00,0.000000000000000000e+00,3.000000000000000000e+00,0.000000000000000000e+00,0.000000000000000000e+00,0.000000000000000000e+00,0.000000000000000000e+00,-3.000000000000000000e+00,0.000000000000000000e+00,0.000000000000000000e+00,0.000000000000000000e+00,0.000000000000000000e+00,-3.000000000000000000e+00,8.409023284912100701e-03,6.000000000000000000e+00,7.000000000000000000e+00
3.929200000000000000e+04,8.000000000000000000e+01,0.000000000000000000e+00,1.000000000000000000e+00,0.000000000000000000e+00,3.000000000000000000e+00,0.000000000000000000e+00,5.000000074505805969e-01,0.000000000000000000e+00,0.000000000000000000e+00,-3.000000000000000000e+00,0.000000000000000000e+00,0.000000000000000000e+00,0.000000000000000000e+00,2.000000029802322388e-01,-3.000000000000000000e+00,1.000000014901161194e-01,6.000000000000000000e+00,9.000000000000000000e+01
0.000000000000000000e+00,0.000000000000000000e+00,2.800000000000000000e+02,5.000000000000000000e+00,8.400000000000000000e+02,1.500000000000000000e+01,5.000000000000000000e-01,1.118033988749894903e+00,1.250000000000000000e+00,2.146625258399797787e+00,3.248000000000000220e+00,5.600000000000000000e+01,0.000000000000000000e+00,0.000000000000000000e+00,0.000000000000000000e+00,-3.000000000000000000e+00,9.018517285585395116e-02,1.000000000000000000e+00,0.000000000000000000e+00
6.186000000000000000e+04,4.430000000000000000e+02,1.100000000000000000e+01,1.000000000000000000e+00,0.000000000000000000e+00,3.000000000000000000e+00,0.000000000000000000e+00,0.000000000000000000e+00,0.000000000000000000e+00,0.000000000000000000e+00,-3.000000000000000000e+00,1.100000000000000000e+01,0.000000000000000000e+00,0.000000000000000000e+00,0.000000000000000000e+00,-3.000000000000000000e+00,2.147600650787352961e-01,6.000000000000000000e+00,0.000000000000000000e+00
4.525200000000000000e+04,1.230000000000000000e+02,1.920000000000000000e+02,4.000000000000000000e+00,0.000000000000000000e+00,0.000000000000000000e+00,1.499500000000000000e+03,8.657368249069691046e+02,7.495002500000000000e+05,-1.057213230157064476e+00,-6.666672594565428156e-01,4.800000000000000000e+01,0.000000000000000000e+00,0.000000000000000000e+00,0.000000000000000000e+00,-3.000000000000000000e+00,5.999585151672362393e+00,1.700000000000000000e+01,2.700000000000000000e+01
5.544400000000000000e+04,5.544400000000000000e+04,4.016000000000000000e+03,2.510000000000000000e+02,2.008000000000000000e+03,2.510000000000000000e+02,5.964999999999999858e+01,2.819352186230021289e+02,7.948746749999996973e+04,6.914311657929666843e+00,4.464940171491524268e+01,1.200000000000000000e+01,4.000000000000000000e+00,1.600000000000000000e+01,0.000000000000000000e+00,-2.000000000000000000e+00,3.011492800712585094e+01,1.700000000000000000e+01,8.110000000000000000e+02
4.762600000000000000e+04,1.560000000000000000e+04,7.000000000000000000e+01,2.000000000000000000e+00,0.000000000000000000e+00,0.000000000000000000e+00,0.000000000000000000e+00,0.000000000000000000e+00,0.000000000000000000e+00,0.000000000000000000e+00,-3.000000000000000000e+00,3.500000000000000000e+01,0.000000000000000000e+00,0.000000000000000000e+00,0.000000000000000000e+00,-3.000000000000000000e+00,8.106231689453125000e-05,1.700000000000000000e+01,0.000000000000000000e+00
4.640900000000000000e+04,5.300000000000000000e+01,6.400000000000000000e+01,2.000000000000000000e+00,3.240000000000000000e+02,6.000000000000000000e+00,5.368709118750000000e+08,1.420426915942007780e+09,2.017612623532523520e+18,2.267786838055363408e+00,3.142857142857143238e+00,4.850000000000000000e+01,1.085126720710534975e+01,1.177500000000000000e+02,-4.326008590821343036e-01,-1.190501304988708098e+00,-8.600950241088799533e-03,1.700000000000000000e+01,0.000000000000000000e+00
4.393300000000000000e+04,5.544300000000000000e+04,7.250000000000000000e+02,3.000000000000000000e+00,3.180000000000000000e+02,2.000000000000000000e+00,9.666666666666666075e+00,8.178562764256865236e+00,6.688888888888889994e+01,1.217292511959072038e-01,-1.500000000000000888e+00,3.476666666666667425e+02,2.823170007082267148e+02,7.970288888888889051e+04,3.827771500504404956e-01,-1.500000000000000000e+00,3.165984153747550267e-02,6.000000000000000000e+00,8.110000000000000000e+02
0.000000000000000000e+00,0.000000000000000000e+00,1.568000000000000000e+03,2.800000000000000000e+01,0.000000000000000000e+00,0.000000000000000000e+00,1.447357142857142890e+03,1.452572255746083101e+03,2.109966158163265325e+06,3.372546891796295743e+00,1.251293648692436200e+01,5.600000000000000000e+01,0.000000000000000000e+00,0.000000000000000000e+00,0.000000000000000000e+00,-3.000000000000000000e+00,4.053515386581420898e+01,1.000000000000000000e+00,0.000000000000000000e+00
4.567800000000000000e+04,4.430000000000000000e+02,4.600000000000000000e+01,1.000000000000000000e+00,4.600000000000000000e+01,4.000000000000000000e+00,2.500000000000000000e+00,2.500000000000000000e+00,6.250000000000000000e+00,0.000000000000000000e+00,-2.000000000000000000e+00,4.600000000000000000e+01,0.000000000000000000e+00,0.000000000000000000e+00,0.000000000000000000e+00,-3.000000000000000000e+00,-8.245772868394858623e-02,6.000000000000000000e+00,9.000000000000000000e+01
5.137900000000000000e+04,4.430000000000000000e+02,4.523000000000000000e+03,6.000000000000000000e+00,2.410000000000000000e+03,1.200000000000000000e+01,5.930000000000000000e+02,8.062439663856924881e+02,6.500293333333334886e+05,8.064100334674910719e-01,-1.218273206607018100e+00,1.155500000000000000e+03,3.569457241654534982e+02,1.274102500000000000e+05,-8.280067198161239483e-02,-1.877953719794544396e+00,3.561777114868164062e+00,6.000000000000000000e+00,2.110000000000000000e+02
5.731000000000000000e+03,2.505000000000000000e+04,5.900000000000000000e+02,5.000000000000000000e+00,1.770000000000000000e+03,1.500000000000000000e+01,5.278500000000000000e+03,9.002940666804375724e+03,8.105294065000000596e+07,1.154447321178792452e+00,-6.658645547226487160e-01,1.180000000000000000e+02,0.000000000000000000e+00,0.000000000000000000e+00,0.000000000000000000e+00,-3.000000000000000000e+00,1.055760290622711182e+02,1.700000000000000000e+01,0.000000000000000000e+00
5.261300000000000000e+04,5.300000000000000000e+01,3.239994946122169495e+01,1.000000000000000000e+00,8.880000000000000000e+02,3.000000000000000000e+00,1.073741823750000000e+09,1.859775392369316339e+09,3.458764510062444544e+18,1.154700538379251684e+00,-6.666666666666665186e-01,2.300000000000000000e+02,1.143153532995459045e+02,1.306819999578595161e+04,-1.154700538379251684e+00,-6.666666666666665186e-01,9.855145961046227199e-02,1.700000000000000000e+01,0.000000000000000000e+00
9.999000000000000000e+03,9.999000000000000000e+03,6.010000000000000000e+02,1.000000000000000000e+00,0.000000000000000000e+00,0.000000000000000000e+00,0.000000000000000000e+00,0.000000000000000000e+00,0.000000000000000000e+00,0.000000000000000000e+00,-3.000000000000000000e+00,6.010000000000000000e+02,0.000000000000000000e+00,0.000000000000000000e+00,0.000000000000000000e+00,-3.000000000000000000e+00,0.000000000000000000e+00,1.700000000000000000e+01,8.110000000000000000e+02
5.441400000000000000e+04,2.001000000000000000e+03,1.380000000000000000e+02,6.000000000000000000e+00,1.380000000000000000e+02,1.100000000000000000e+01,1.174150000000000000e+04,1.262017702926547645e+04,1.592688682500000000e+08,3.796801307054032959e-01,-1.510945683338520418e+00,6.900000000000000000e+01,0.000000000000000000e+00,0.000000000000000000e+00,0.000000000000000000e+00,-3.000000000000000000e+00,4.696767807006835938e+01,6.000000000000000000e+00,1.610000000000000000e+02
3.528000000000000000e+04,5.544300000000000000e+04,7.230000000000000000e+02,3.000000000000000000e+00,3.130000000000000000e+02,2.000000000000000000e+00,3.000000000000000000e+00,2.160246899469286941e+00,4.666666666666666963e+00,-5.951700641394972457e-01,-1.500000000000000444e+00,3.453333333333332575e+02,2.818798010184876830e+02,7.945622222222223354e+04,3.953834402299569173e-01,-1.499999999999999778e+00,1.257205009460440025e-02,6.000000000000000000e+00,8.110000000000000000e+02
5.679100000000000000e+04,5.300000000000000000e+01,9.800000000000000000e+01,2.000000000000000000e+00,1.926000000000000000e+03,6.000000000000000000e+00,5.368709118750000000e+08,1.420426917453865528e+09,2.017612627827490816e+18,2.267786838055363408e+00,3.142857142857143238e+00,2.530000000000000000e+02,1.570732313285748774e+02,2.467200000000000000e+04,8.169873832963020499e-02,-1.514616673479790343e+00,-4.530906677246000075e-03,1.700000000000000000e+01,0.000000000000000000e+00
5.048100000000000000e+04,4.430000000000000000e+02,0.000000000000000000e+00,0.000000000000000000e+00,0.000000000000000000e+00,3.000000000000000000e+00,0.000000000000000000e+00,0.000000000000000000e+00,0.000000000000000000e+00,0.000000000000000000e+00,-3.000000000000000000e+00,0.000000000000000000e+00,0.000000000000000000e+00,0.000000000000000000e+00,1.999999880790710449e-01,-3.000000000000000000e+00,1.004060208797454279e-01,6.000000000000000000e+00,0.000000000000000000e+00
4.516800000000000000e+04,5.300000000000000000e+01,3.400000000000000000e+01,1.000000000000000000e+00,9.300000000000000000e+02,3.000000000000000000e+00,1.073741823750000000e+09,1.859775392369316339e+09,3.458764510062444544e+18,1.154700538379251684e+00,-6.666666666666665186e-01,2.410000000000000000e+02,1.195115057222525365e+02,1.428300000000000000e+04,-1.154700538379251684e+00,-6.666666666666665186e-01,-1.430988311767500062e-03,1.700000000000000000e+01,0.000000000000000000e+00
3.814700000000000000e+04,5.300000000000000000e+01,4.100000000000000000e+01,1.000000000000000000e+00,9.420000000000000000e+02,3.000000000000000000e+00,1.073741823750000000e+09,1.859775392369316339e+09,3.458764510062444544e+18,1.154700538379251684e+00,-6.666666666666665186e-01,2.457500000000000000e+02,1.182124676165758643e+02,1.397418750000000000e+04,-1.154700538379251684e+00,-5.834986815849938502e-01,-1.384973526000900018e-03,1.700000000000000000e+01,0.000000000000000000e+00
3.628200000000000000e+04,4.430000000000000000e+02,5.650000000000000000e+02,1.500000000000000000e+01,3.590000000000000000e+03,1.900000000000000000e+01,2.210000000000000142e+01,4.521382531925384285e+01,2.044289999999999964e+03,2.611686308570304593e+00,4.943439254108306535e+00,4.155000000000000000e+02,9.679245063536722000e+02,9.368778499999999767e+05,2.632080568826802747e+00,5.000887869217681470e+00,2.362740039825438898e-01,6.000000000000000000e+00,3.050000000000000000e+02
3.550300000000000000e+04,5.544300000000000000e+04,7.240000000000000000e+02,3.000000000000000000e+00,3.160000000000000000e+02,2.000000000000000000e+00,4.000000000000000000e+00,2.828427124746190291e+00,8.000000000000000000e+00,-7.071067811865474617e-01,-1.500000000000000000e+00,3.466666666666667425e+02,2.820512167832092132e+02,7.955288888888889051e+04,3.876440330751653174e-01,-1.500000000000000222e+00,1.459002494812009984e-02,6.000000000000000000e+00,8.110000000000000000e+02
6.038600000000000000e+04,1.900000000000000000e+03,2.240000000000000000e+02,2.000000000000000000e+00,0.000000000000000000e+00,0.000000000000000000e+00,0.000000000000000000e+00,0.000000000000000000e+00,0.000000000000000000e+00,0.000000000000000000e+00,-3.000000000000000000e+00,1.120000000000000000e+02,0.000000000000000000e+00,0.000000000000000000e+00,0.000000000000000000e+00,-3.000000000000000000e+00,8.201599121093750000e-05,1.700000000000000000e+01,0.000000000000000000e+00
3.909400000000000000e+04,4.430000000000000000e+02,4.600000000000000000e+01,1.000000000000000000e+00,4.600000000000000000e+01,4.000000000000000000e+00,2.500000000000000000e+00,2.100009530782699585e+00,6.250000000000000000e+00,0.000000000000000000e+00,-2.000000000000000000e+00,4.600000000000000000e+01,0.000000000000000000e+00,0.000000000000000000e+00,0.000000000000000000e+00,-3.000000000000000000e+00,1.663422584533690018e-02,6.000000000000000000e+00,9.000000000000000000e+01
4.479500000000000000e+04,4.430000000000000000e+02,4.824000000000000000e+03,1.600000000000000000e+01,1.313000000000000000e+03,2.100000000000000000e+01,3.373333333333332718e+01,1.206252967756855838e+02,1.455046222222222241e+04,3.472490467503116740e+00,1.006323240902807648e+01,4.091333333333332689e+02,4.553498093651614340e+02,2.073434488888888736e+05,1.091793034849264821e+00,-9.112688516649079806e-02,5.109999179840087891e-01,6.000000000000000000e+00,8.000000000000000000e+00
5.566800000000000000e+04,5.223000000000000000e+03,5.000000000000000000e+01,2.000000000000000000e+00,4.600000000000000000e+01,1.000000000000000000e+00,1.210000000000000000e+02,1.210000000000000000e+02,1.464100000000000000e+04,0.000000000000000000e+00,-2.000000000000000000e+00,4.800000000000000000e+01,2.000000000000000000e+00,4.000000000000000000e+00,0.000000000000000000e+00,-2.000000000000000000e+00,2.430930137634277066e-01,6.000000000000000000e+00,0.000000000000000000e+00
9.999000000000000000e+03,9.999000000000000000e+03,1.450000000000000000e+02,5.000000000000000000e+00,0.000000000000000000e+00,0.000000000000000000e+00,2.000000000000000111e-01,4.000000000000000222e-01,1.600000000000000033e-01,1.500000000000000000e+00,2.500000000000000000e-01,2.900000000000000000e+01,0.000000000000000000e+00,0.000000000000000000e+00,0.000000000000000000e+00,-3.000000000000000000e+00,1.641035079956000044e-03,1.700000000000000000e+01,0.000000000000000000e+00
